Eval_AverageReturn,Eval_StdReturn,Eval_MaxReturn,Eval_MinReturn,Eval_AverageEpLen,step,Train_EpisodeReturn,Train_EpisodeLen,critic_loss,q_values,target_values,grad_norm,epsilon,lr
-701.10956,252.80605,-493.68738,-1342.6217,98.7,0,,,,,,,,
,,,,,84,-132.79175,85,,,,,,
,,,,,198,-380.03314,114,,,,,,
,,,,,284,-66.48581,86,,,,,,
,,,,,366,-174.10683,82,,,,,,
,,,,,489,-128.8428,123,,,,,,
,,,,,551,-113.736725,62,,,,,,
,,,,,643,-107.06553,92,,,,,,
,,,,,719,-101.763115,76,,,,,,
,,,,,836,-123.79128,117,,,,,,
,,,,,903,-115.29646,67,,,,,,
,,,,,1017,-306.29797,114,,,,,,
,,,,,1079,-134.25232,62,,,,,,
,,,,,1180,-260.76642,101,,,,,,
,,,,,1245,-167.12509,65,,,,,,
,,,,,1308,-91.09314,63,,,,,,
,,,,,1375,-135.35358,67,,,,,,
,,,,,1447,-65.66133,72,,,,,,
,,,,,1520,-99.1005,73,,,,,,
,,,,,1665,9.957939,145,,,,,,
,,,,,1733,-62.494377,68,,,,,,
,,,,,1805,-88.075806,72,,,,,,
,,,,,1886,-119.8793,81,,,,,,
,,,,,1973,-226.98862,87,,,,,,
,,,,,2082,-96.44259,109,,,,,,
,,,,,2141,-146.25378,59,,,,,,
,,,,,2218,-167.84402,77,,,,,,
,,,,,2339,-232.86687,121,,,,,,
,,,,,2409,-82.88275,70,,,,,,
,,,,,2486,-217.03452,77,,,,,,
,,,,,2585,-157.801,99,,,,,,
,,,,,2718,-121.52414,133,,,,,,
,,,,,2785,-111.92535,67,,,,,,
,,,,,2894,-301.9955,109,,,,,,
,,,,,2981,-109.807816,87,,,,,,
,,,,,3063,-437.13483,82,,,,,,
,,,,,3160,-129.54619,97,,,,,,
,,,,,3230,-98.693954,70,,,,,,
,,,,,3336,-139.02895,106,,,,,,
,,,,,3437,-304.19055,101,,,,,,
,,,,,3506,-244.0911,69,,,,,,
,,,,,3629,-128.42596,123,,,,,,
,,,,,3707,-382.33243,78,,,,,,
,,,,,3774,-84.16344,67,,,,,,
,,,,,3856,-97.421745,82,,,,,,
,,,,,3962,-352.91418,106,,,,,,
,,,,,4105,-70.800354,143,,,,,,
,,,,,4198,-463.59506,93,,,,,,
,,,,,4265,-192.0762,67,,,,,,
,,,,,4366,-360.28595,101,,,,,,
,,,,,4434,-112.06376,68,,,,,,
,,,,,4533,-193.01617,99,,,,,,
,,,,,4621,-298.81067,88,,,,,,
,,,,,4730,-216.33542,109,,,,,,
,,,,,4839,-139.79074,109,,,,,,
,,,,,4961,-127.725235,122,,,,,,
,,,,,5068,-215.59532,107,,,,,,
,,,,,5170,-210.06824,102,,,,,,
,,,,,5244,-21.050217,74,,,,,,
,,,,,5309,-60.480576,65,,,,,,
,,,,,5414,-434.78128,105,,,,,,
,,,,,5503,-115.748566,89,,,,,,
,,,,,5588,-135.35587,85,,,,,,
,,,,,5656,-246.33841,68,,,,,,
,,,,,5748,-84.19019,92,,,,,,
,,,,,5809,-103.20163,61,,,,,,
,,,,,5891,-204.55557,82,,,,,,
,,,,,5959,-310.5323,68,,,,,,
,,,,,6021,-73.231346,62,,,,,,
,,,,,6097,-75.829575,76,,,,,,
,,,,,6219,-352.5271,122,,,,,,
,,,,,6330,-240.30182,111,,,,,,
,,,,,6396,-147.23958,66,,,,,,
,,,,,6459,-171.15515,63,,,,,,
,,,,,6523,-329.60895,64,,,,,,
,,,,,6607,-356.027,84,,,,,,
,,,,,6704,-325.28864,97,,,,,,
,,,,,6849,-160.29626,145,,,,,,
,,,,,6980,-250.50742,131,,,,,,
,,,,,7055,-477.29324,75,,,,,,
,,,,,7165,-142.03883,110,,,,,,
,,,,,7245,-99.02676,80,,,,,,
,,,,,7326,-422.69153,81,,,,,,
,,,,,7400,-256.76364,74,,,,,,
,,,,,7509,-354.82928,109,,,,,,
,,,,,7580,-300.10147,71,,,,,,
,,,,,7640,-103.248795,60,,,,,,
,,,,,7708,-74.33853,68,,,,,,
,,,,,7791,-87.89191,83,,,,,,
,,,,,7863,-72.1977,72,,,,,,
,,,,,8010,-152.63095,147,,,,,,
,,,,,8099,-21.45073,89,,,,,,
,,,,,8182,-221.83282,83,,,,,,
,,,,,8259,-88.979454,77,,,,,,
,,,,,8386,-331.95657,127,,,,,,
,,,,,8455,-127.80638,69,,,,,,
,,,,,8518,-126.047585,63,,,,,,
,,,,,8600,-279.7578,82,,,,,,
,,,,,8689,-331.722,89,,,,,,
,,,,,8796,-91.833954,107,,,,,,
,,,,,8885,-151.02272,89,,,,,,
,,,,,8972,-180.53021,87,,,,,,
,,,,,9062,-75.81865,90,,,,,,
,,,,,9173,-367.39435,111,,,,,,
,,,,,9239,-77.66028,66,,,,,,
,,,,,9309,-346.1714,70,,,,,,
,,,,,9416,-199.84525,107,,,,,,
,,,,,9485,-84.85174,69,,,,,,
,,,,,9550,15.550568,65,,,,,,
,,,,,9625,-173.91533,75,,,,,,
,,,,,9734,-107.554985,109,,,,,,
,,,,,9851,-148.1478,117,,,,,,
,,,,,9929,-368.7198,78,,,,,,
-927.75977,255.88084,-491.31268,-1347.663,116.6,10000,,,,,,,,
,,,,,10093,-327.93866,164,,,,,,
,,,,,10205,-470.7499,112,,,,,,
,,,,,10301,-239.06616,96,,,,,,
,,,,,10370,-145.66641,69,,,,,,
,,,,,10452,-273.78262,82,,,,,,
,,,,,10545,-125.000694,93,,,,,,
,,,,,10652,14.486382,107,,,,,,
,,,,,10800,-302.75842,148,,,,,,
,,,,,10869,-331.02502,69,,,,,,
,,,,,10955,-266.22186,86,,,,,,
,,,,,11037,-139.22627,82,,,,,,
,,,,,11154,-266.27066,117,,,,,,
,,,,,11270,-157.62854,116,,,,,,
,,,,,11395,-302.988,125,,,,,,
,,,,,11493,-128.456,98,,,,,,
,,,,,11602,-361.5694,109,,,,,,
,,,,,11759,-273.00073,157,,,,,,
,,,,,11889,-183.3815,130,,,,,,
,,,,,11977,-309.98517,88,,,,,,
,,,,,12065,-157.99251,88,,,,,,
,,,,,12142,-115.9523,77,,,,,,
,,,,,12229,-337.48267,87,,,,,,
,,,,,12329,-299.882,100,,,,,,
,,,,,12427,-278.20425,98,,,,,,
,,,,,12506,-141.0628,79,,,,,,
,,,,,12597,-105.0724,91,,,,,,
,,,,,12705,-268.07843,108,,,,,,
,,,,,12805,-260.62964,100,,,,,,
,,,,,12871,-63.947456,66,,,,,,
,,,,,12958,-460.10938,87,,,,,,
,,,,,13067,-93.25313,109,,,,,,
,,,,,13154,-380.86594,87,,,,,,
,,,,,13219,-115.776184,65,,,,,,
,,,,,13325,-421.24814,106,,,,,,
,,,,,13438,-141.5282,113,,,,,,
,,,,,13547,-88.8753,109,,,,,,
,,,,,13630,-207.04774,83,,,,,,
,,,,,13753,-279.79846,123,,,,,,
,,,,,13832,-327.56165,79,,,,,,
,,,,,13983,-245.21251,151,,,,,,
,,,,,14142,-401.9351,159,,,,,,
,,,,,14228,-135.168,86,,,,,,
,,,,,14312,-342.54523,84,,,,,,
,,,,,14433,-336.0122,121,,,,,,
,,,,,14509,-294.10767,76,,,,,,
,,,,,14568,-192.27563,59,,,,,,
,,,,,14634,-213.60925,66,,,,,,
,,,,,14706,-260.89758,72,,,,,,
,,,,,14772,-67.58072,66,,,,,,
,,,,,14839,-123.391365,67,,,,,,
,,,,,14906,-56.04386,67,,,,,,
,,,,,15016,-221.24683,110,,,,,,
,,,,,15093,-117.32961,77,,,,,,
,,,,,15238,-126.15869,145,,,,,,
,,,,,15343,-99.15993,105,,,,,,
,,,,,15440,-331.49292,97,,,,,,
,,,,,15536,-441.7341,96,,,,,,
,,,,,15610,-151.71397,74,,,,,,
,,,,,15735,-186.39508,125,,,,,,
,,,,,15812,-104.97253,77,,,,,,
,,,,,15914,-124.3598,102,,,,,,
,,,,,16041,-551.19446,127,,,,,,
,,,,,16159,-365.255,118,,,,,,
,,,,,16285,-364.92273,126,,,,,,
,,,,,16354,-111.87837,69,,,,,,
,,,,,16438,-59.076775,84,,,,,,
,,,,,16511,-117.25387,73,,,,,,
,,,,,16591,-41.59741,80,,,,,,
,,,,,16714,-199.69757,123,,,,,,
,,,,,16807,-160.44655,93,,,,,,
,,,,,16869,-180.64784,62,,,,,,
,,,,,16982,-342.5886,113,,,,,,
,,,,,17060,-140.52275,78,,,,,,
,,,,,17144,-82.20822,84,,,,,,
,,,,,17237,-324.76117,93,,,,,,
,,,,,17313,-374.28204,76,,,,,,
,,,,,17415,-302.43198,102,,,,,,
,,,,,17562,-60.87052,147,,,,,,
,,,,,17688,-141.80394,126,,,,,,
,,,,,17806,-379.7809,118,,,,,,
,,,,,17904,-430.64713,98,,,,,,
,,,,,18004,-70.02937,100,,,,,,
,,,,,18093,-212.93646,89,,,,,,
,,,,,18207,-133.71596,114,,,,,,
,,,,,18311,-90.59955,104,,,,,,
,,,,,18386,-57.640545,75,,,,,,
,,,,,18486,-427.34216,100,,,,,,
,,,,,18652,-431.43903,166,,,,,,
,,,,,18772,-88.51068,120,,,,,,
,,,,,18847,-183.7828,75,,,,,,
,,,,,18967,-221.05353,120,,,,,,
,,,,,19049,-64.82918,82,,,,,,
,,,,,19139,-197.99615,90,,,,,,
,,,,,19208,-239.18513,69,,,,,,
,,,,,19306,-354.23526,98,,,,,,
,,,,,19430,-261.86215,124,,,,,,
,,,,,19562,-377.28058,132,,,,,,
,,,,,19655,-252.04529,93,,,,,,
,,,,,19760,-315.1151,105,,,,,,
,,,,,19879,-247.133,119,,,,,,
,,,,,20000,-392.61703,121,,,,,,
-886.98914,207.14893,-590.65485,-1282.4586,129.7,20000,,,173.791748046875,-0.043438054621219635,-2.914618492126465,19.447757720947266,0.88,0.0001
,,,,,20152,-63.027153,152,,,,,,
,,,,,20223,-89.11499,71,,,,,,
,,,,,20370,-335.1725,147,,,,,,
,,,,,20487,-124.32566,117,,,,,,
,,,,,20564,-93.2732,77,,,,,,
,,,,,20664,-40.6164,100,,,,,,
,,,,,20747,-76.12863,83,,,,,,
,,,,,20833,-60.195305,86,,,,,,
,,,,,20943,-236.39024,110,,,,,,
,,,,,21000,,,153.2002716064453,-1.9303473234176636,-2.929635524749756,30.907011032104492,0.874,0.0001
,,,,,21081,-105.59089,138,,,,,,
,,,,,21173,-153.86884,92,,,,,,
,,,,,21255,-129.8928,82,,,,,,
,,,,,21392,-90.87907,137,,,,,,
,,,,,21457,-98.80303,65,,,,,,
,,,,,21595,-147.32718,138,,,,,,
,,,,,21712,-267.66693,117,,,,,,
,,,,,21834,-242.53575,122,,,,,,
,,,,,21930,-318.30386,96,,,,,,
,,,,,22000,,,12.897910118103027,-3.124613046646118,-3.6311826705932617,14.504653930664062,0.868,0.0001
,,,,,22024,-246.8917,94,,,,,,
,,,,,22158,-450.5638,134,,,,,,
,,,,,22270,-63.678925,112,,,,,,
,,,,,22362,-240.26297,92,,,,,,
,,,,,22441,-85.48754,79,,,,,,
,,,,,22529,-186.85445,88,,,,,,
,,,,,22634,-267.69785,105,,,,,,
,,,,,22746,-493.00842,112,,,,,,
,,,,,22879,-94.35213,133,,,,,,
,,,,,22992,-102.498764,113,,,,,,
,,,,,23000,,,14.553850173950195,-3.593409538269043,-3.26768159866333,15.393133163452148,0.862,0.0001
,,,,,23064,-99.72468,72,,,,,,
,,,,,23152,-26.721085,88,,,,,,
,,,,,23259,-320.61325,107,,,,,,
,,,,,23376,-114.497505,117,,,,,,
,,,,,23478,-155.76094,102,,,,,,
,,,,,23577,-229.48868,99,,,,,,
,,,,,23668,-66.61639,91,,,,,,
,,,,,23818,-133.6781,150,,,,,,
,,,,,23948,-165.71266,130,,,,,,
,,,,,24000,,,2.0177805423736572,-3.981900453567505,-3.9754931926727295,5.595418453216553,0.856,0.0001
,,,,,24068,-138.30856,120,,,,,,
,,,,,24195,-145.47395,127,,,,,,
,,,,,24301,-221.8725,106,,,,,,
,,,,,24416,-196.33083,115,,,,,,
,,,,,24488,-68.55325,72,,,,,,
,,,,,24590,-221.69095,102,,,,,,
,,,,,24679,-43.26681,89,,,,,,
,,,,,24777,-96.51899,98,,,,,,
,,,,,24845,-166.47992,68,,,,,,
,,,,,24971,-199.08911,126,,,,,,
,,,,,25000,,,3.9356822967529297,-3.2257394790649414,-3.575547218322754,22.238643646240234,0.85,0.0001
,,,,,25105,-365.715,134,,,,,,
,,,,,25220,-82.13515,115,,,,,,
,,,,,25292,-13.362839,72,,,,,,
,,,,,25376,-142.6023,84,,,,,,
,,,,,25484,-350.42883,108,,,,,,
,,,,,25588,-120.106415,104,,,,,,
,,,,,25693,-82.159874,105,,,,,,
,,,,,25809,-221.13336,116,,,,,,
,,,,,25931,-210.10875,122,,,,,,
,,,,,26000,,,75.30266571044922,-3.528782844543457,-4.2488579750061035,85.68695068359375,0.844,0.0001
,,,,,26050,-100.61749,119,,,,,,
,,,,,26125,-106.26661,75,,,,,,
,,,,,26233,-122.95786,108,,,,,,
,,,,,26349,-149.88687,116,,,,,,
,,,,,26493,-225.51537,144,,,,,,
,,,,,26583,-258.472,90,,,,,,
,,,,,26689,0.27275085,106,,,,,,
,,,,,26841,-349.32327,152,,,,,,
,,,,,26974,-378.87567,133,,,,,,
,,,,,27000,,,99.3193359375,-4.278936862945557,-6.35955810546875,56.54124450683594,0.838,0.0001
,,,,,27125,-106.44519,151,,,,,,
,,,,,27272,-108.40585,147,,,,,,
,,,,,27361,-290.826,89,,,,,,
,,,,,27482,-254.61441,121,,,,,,
,,,,,27603,-182.80197,121,,,,,,
,,,,,27748,-9.955002,145,,,,,,
,,,,,27825,-103.98294,77,,,,,,
,,,,,27927,-89.50547,102,,,,,,
,,,,,28000,,,39.971248626708984,-6.081878185272217,-6.079189300537109,57.849021911621094,0.832,0.0001
,,,,,28016,-159.99712,89,,,,,,
,,,,,28153,-125.677986,137,,,,,,
,,,,,28241,-113.53154,88,,,,,,
,,,,,28347,-101.69776,106,,,,,,
,,,,,28475,-139.16469,128,,,,,,
,,,,,28588,-244.06642,113,,,,,,
,,,,,28681,-86.05003,93,,,,,,
,,,,,28767,-76.670074,86,,,,,,
,,,,,28843,-21.619896,76,,,,,,
,,,,,28952,-406.63318,109,,,,,,
,,,,,29000,,,30.84358024597168,-5.096767425537109,-5.437942981719971,36.30841827392578,0.8260000000000001,0.0001
,,,,,29096,-115.111755,144,,,,,,
,,,,,29205,-242.67244,109,,,,,,
,,,,,29327,-128.09764,122,,,,,,
,,,,,29467,-184.0718,140,,,,,,
,,,,,29577,-112.67112,110,,,,,,
,,,,,29712,-163.07515,135,,,,,,
,,,,,29831,-153.48521,119,,,,,,
,,,,,29965,-121.67275,134,,,,,,
-236.23074,117.420715,-85.80926,-408.0792,118.9,30000,,,1.2670241594314575,-4.383719444274902,-3.9364776611328125,38.06086730957031,0.82,0.0001
,,,,,30047,-36.8397,82,,,,,,
,,,,,30117,-87.44408,70,,,,,,
,,,,,30243,-249.91061,126,,,,,,
,,,,,30372,-182.56024,129,,,,,,
,,,,,30464,-60.35503,92,,,,,,
,,,,,30551,-118.857834,87,,,,,,
,,,,,30652,-110.921234,101,,,,,,
,,,,,30725,-99.63483,73,,,,,,
,,,,,30827,-305.77585,102,,,,,,
,,,,,30954,-229.19865,127,,,,,,
,,,,,31000,,,24.072458267211914,-9.007518768310547,-8.980813980102539,83.11840057373047,0.8140000000000001,0.0001
,,,,,31060,-151.25809,106,,,,,,
,,,,,31134,-119.60976,74,,,,,,
,,,,,31219,-109.40136,85,,,,,,
,,,,,31311,-59.51718,92,,,,,,
,,,,,31387,-173.50305,76,,,,,,
,,,,,31486,-297.79492,99,,,,,,
,,,,,31577,-34.59275,91,,,,,,
,,,,,31693,-210.92729,116,,,,,,
,,,,,31790,-113.50226,97,,,,,,
,,,,,31975,25.437012,185,,,,,,
,,,,,32000,,,11.622710227966309,-7.350615501403809,-7.0243072509765625,25.241281509399414,0.808,0.0001
,,,,,32098,-15.2295685,123,,,,,,
,,,,,32203,-93.00764,105,,,,,,
,,,,,32287,-95.17862,84,,,,,,
,,,,,32408,-79.65822,121,,,,,,
,,,,,32498,-82.389984,90,,,,,,
,,,,,32573,-96.547745,75,,,,,,
,,,,,32659,-116.972984,86,,,,,,
,,,,,32789,-58.89436,130,,,,,,
,,,,,32938,-98.59406,149,,,,,,
,,,,,33000,,,225.19874572753906,-5.804417610168457,-3.5566229820251465,82.91035461425781,0.802,0.0001
,,,,,33004,-59.34033,66,,,,,,
,,,,,33078,-80.63745,74,,,,,,
,,,,,33209,-74.27332,131,,,,,,
,,,,,33381,-20.310188,172,,,,,,
,,,,,33449,-59.16172,68,,,,,,
,,,,,33553,-100.97212,104,,,,,,
,,,,,33686,-88.07145,133,,,,,,
,,,,,33795,-111.69655,109,,,,,,
,,,,,33972,-190.16095,177,,,,,,
,,,,,34000,,,8.575425148010254,-6.786467552185059,-6.722620964050293,44.530879974365234,0.796,0.0001
,,,,,34066,-192.0318,94,,,,,,
,,,,,34154,-143.3382,88,,,,,,
,,,,,34277,-111.777245,123,,,,,,
,,,,,34369,-31.748169,92,,,,,,
,,,,,34477,-125.92744,108,,,,,,
,,,,,34550,-142.96924,73,,,,,,
,,,,,34630,-56.421116,80,,,,,,
,,,,,34755,-258.50513,125,,,,,,
,,,,,34870,-217.01906,115,,,,,,
,,,,,34986,-196.58142,116,,,,,,
,,,,,35000,,,7.13352108001709,-3.889587879180908,-3.465383529663086,84.63411712646484,0.79,0.0001
,,,,,35086,-83.16885,100,,,,,,
,,,,,35180,-304.6079,94,,,,,,
,,,,,35299,-105.66146,119,,,,,,
,,,,,35406,-251.82338,107,,,,,,
,,,,,35479,-122.35445,73,,,,,,
,,,,,35547,-58.23538,68,,,,,,
,,,,,35676,-236.93538,129,,,,,,
,,,,,35807,-70.71782,131,,,,,,
,,,,,35879,-36.47221,72,,,,,,
,,,,,35963,-118.27347,84,,,,,,
,,,,,36000,,,15.460896492004395,-12.5618257522583,-11.950518608093262,45.52305603027344,0.784,0.0001
,,,,,36080,-103.051735,117,,,,,,
,,,,,36214,-26.172073,134,,,,,,
,,,,,36285,-96.6976,71,,,,,,
,,,,,36399,-155.1494,114,,,,,,
,,,,,36476,-123.41393,77,,,,,,
,,,,,36558,-47.556404,82,,,,,,
,,,,,36617,-77.73559,59,,,,,,
,,,,,36707,-112.85056,90,,,,,,
,,,,,36810,-91.31667,103,,,,,,
,,,,,36929,-96.52879,119,,,,,,
,,,,,37000,,,29.466402053833008,-10.536166191101074,-9.805998802185059,41.33749771118164,0.778,0.0001
,,,,,37013,-83.82135,84,,,,,,
,,,,,37120,-112.61415,107,,,,,,
,,,,,37215,-147.39835,95,,,,,,
,,,,,37331,-54.31712,116,,,,,,
,,,,,37441,-129.11313,110,,,,,,
,,,,,37580,-172.05957,139,,,,,,
,,,,,37659,-101.16207,79,,,,,,
,,,,,37780,-305.9561,121,,,,,,
,,,,,37886,-139.48755,106,,,,,,
,,,,,37957,-48.166065,71,,,,,,
,,,,,38000,,,5.378554344177246,-10.748462677001953,-11.151449203491211,20.79447364807129,0.772,0.0001
,,,,,38086,-36.261852,129,,,,,,
,,,,,38192,-147.38745,106,,,,,,
,,,,,38260,-89.31582,68,,,,,,
,,,,,38372,-213.09259,112,,,,,,
,,,,,38475,11.761482,103,,,,,,
,,,,,38616,-2.6625214,141,,,,,,
,,,,,38729,-149.34677,113,,,,,,
,,,,,38809,-91.90016,80,,,,,,
,,,,,38883,-103.76389,74,,,,,,
,,,,,39000,,,10.146882057189941,-15.324928283691406,-15.097962379455566,30.718332290649414,0.766,0.0001
,,,,,39002,-167.6011,119,,,,,,
,,,,,39110,-86.05934,108,,,,,,
,,,,,39255,-82.634315,145,,,,,,
,,,,,39318,-137.0864,63,,,,,,
,,,,,39407,-48.57584,89,,,,,,
,,,,,39485,-110.56419,78,,,,,,
,,,,,39598,-140.60602,113,,,,,,
,,,,,39690,-98.29875,92,,,,,,
,,,,,39790,-91.8421,100,,,,,,
,,,,,39864,-74.59898,74,,,,,,
-49.17521,63.33121,-3.899681,-230.85387,137.6,40000,,,3.0484046936035156,-11.85820198059082,-11.784101486206055,48.43053436279297,0.76,0.0001
,,,,,40010,-103.0657,146,,,,,,
,,,,,40174,-79.24353,164,,,,,,
,,,,,40282,-120.05265,108,,,,,,
,,,,,40416,-130.2633,134,,,,,,
,,,,,40550,-68.72741,134,,,,,,
,,,,,40719,-118.59935,169,,,,,,
,,,,,40839,-95.20837,120,,,,,,
,,,,,40943,-138.04694,104,,,,,,
,,,,,41000,,,32.77986145019531,-12.480354309082031,-13.460386276245117,187.20628356933594,0.754,0.0001
,,,,,41037,-106.39162,94,,,,,,
,,,,,41118,-68.58936,81,,,,,,
,,,,,41233,-81.214325,115,,,,,,
,,,,,41327,-227.29285,94,,,,,,
,,,,,41415,-127.94393,88,,,,,,
,,,,,41520,-109.61374,105,,,,,,
,,,,,41598,-61.23532,78,,,,,,
,,,,,41679,-34.4048,81,,,,,,
,,,,,41792,-146.94597,113,,,,,,
,,,,,41906,-90.39172,114,,,,,,
,,,,,42000,,,1.5278444290161133,-4.090283393859863,-4.479902267456055,45.22642135620117,0.748,0.0001
,,,,,42008,-219.0749,102,,,,,,
,,,,,42169,-17.822746,161,,,,,,
,,,,,42251,-58.98693,82,,,,,,
,,,,,42343,-109.16804,92,,,,,,
,,,,,42411,-94.13858,68,,,,,,
,,,,,42534,-294.79355,123,,,,,,
,,,,,42625,28.213074,91,,,,,,
,,,,,42710,-43.25731,85,,,,,,
,,,,,42774,-56.65174,64,,,,,,
,,,,,42909,-25.43695,135,,,,,,
,,,,,43000,,,2.486387252807617,-11.198244094848633,-11.312978744506836,22.803071975708008,0.742,0.0001
,,,,,43002,-95.92491,93,,,,,,
,,,,,43119,-100.99077,117,,,,,,
,,,,,43252,-234.61192,133,,,,,,
,,,,,43338,-104.848,86,,,,,,
,,,,,43416,-93.085495,78,,,,,,
,,,,,43492,-83.02437,76,,,,,,
,,,,,43610,-58.074112,118,,,,,,
,,,,,43750,-88.80069,140,,,,,,
,,,,,43852,-119.22243,102,,,,,,
,,,,,43927,-69.32124,75,,,,,,
,,,,,44000,,,19.934391021728516,-15.678434371948242,-15.563640594482422,40.41049575805664,0.736,0.0001
,,,,,44012,-60.96309,85,,,,,,
,,,,,44153,-18.55774,141,,,,,,
,,,,,44282,-41.403687,129,,,,,,
,,,,,44413,-95.650024,131,,,,,,
,,,,,44493,-36.485455,80,,,,,,
,,,,,44581,-110.057556,88,,,,,,
,,,,,44691,-112.67802,110,,,,,,
,,,,,44775,-63.271347,84,,,,,,
,,,,,44853,-94.41022,78,,,,,,
,,,,,44950,-182.8265,97,,,,,,
,,,,,45000,,,4.434229373931885,-9.467211723327637,-9.753414154052734,19.98522186279297,0.73,0.0001
,,,,,45083,-136.56535,133,,,,,,
,,,,,45201,-11.937721,118,,,,,,
,,,,,45296,-242.48935,95,,,,,,
,,,,,45401,-95.99254,105,,,,,,
,,,,,45467,-68.998184,66,,,,,,
,,,,,45529,-74.05959,62,,,,,,
,,,,,45638,-196.98105,109,,,,,,
,,,,,45744,-46.164726,106,,,,,,
,,,,,45864,-41.316387,120,,,,,,
,,,,,45997,-39.06682,133,,,,,,
,,,,,46000,,,4.049338340759277,-10.468257904052734,-10.509284973144531,33.01686477661133,0.724,0.0001
,,,,,46119,-44.903774,122,,,,,,
,,,,,46244,-34.32032,125,,,,,,
,,,,,46345,-45.366135,101,,,,,,
,,,,,46478,-130.44528,133,,,,,,
,,,,,46593,-94.5486,115,,,,,,
,,,,,46706,16.41291,113,,,,,,
,,,,,46811,-323.72388,105,,,,,,
,,,,,46961,-74.96337,150,,,,,,
,,,,,47000,,,10.195881843566895,-8.387821197509766,-8.00151252746582,46.868873596191406,0.718,0.0001
,,,,,47049,-78.71309,88,,,,,,
,,,,,47155,-40.61046,106,,,,,,
,,,,,47292,-62.407116,137,,,,,,
,,,,,47386,-70.71194,94,,,,,,
,,,,,47494,-17.771301,108,,,,,,
,,,,,47598,-98.80559,104,,,,,,
,,,,,47709,-91.37865,111,,,,,,
,,,,,47793,-191.65991,84,,,,,,
,,,,,47904,-108.10734,111,,,,,,
,,,,,48000,,,4.991891860961914,4.452183723449707,4.558204174041748,34.67103576660156,0.712,0.0001
,,,,,48010,-41.69087,106,,,,,,
,,,,,48129,-58.047264,119,,,,,,
,,,,,48239,-36.304512,110,,,,,,
,,,,,48327,-14.9179,88,,,,,,
,,,,,48421,-80.35405,94,,,,,,
,,,,,48520,-164.99808,99,,,,,,
,,,,,48601,-80.93123,81,,,,,,
,,,,,48713,-63.47061,112,,,,,,
,,,,,48821,-39.636826,108,,,,,,
,,,,,48895,-94.561554,74,,,,,,
,,,,,48980,-104.49809,85,,,,,,
,,,,,49000,,,90.69336700439453,-13.445232391357422,-11.715913772583008,154.13662719726562,0.706,0.0001
,,,,,49088,-81.59524,108,,,,,,
,,,,,49168,-34.773247,80,,,,,,
,,,,,49345,-70.314545,177,,,,,,
,,,,,49489,-68.346405,144,,,,,,
,,,,,49572,-94.21166,83,,,,,,
,,,,,49718,-71.128525,146,,,,,,
,,,,,49819,-60.049755,101,,,,,,
,,,,,49899,-108.31497,80,,,,,,
-217.2886,114.336235,-8.66271,-328.8606,628.3,50000,,,17.438430786132812,-9.037796020507812,-8.702411651611328,40.215309143066406,0.7,0.0001
,,,,,50048,-25.482132,149,,,,,,
,,,,,50159,-98.77462,111,,,,,,
,,,,,50231,-59.08695,72,,,,,,
,,,,,50306,-69.28238,75,,,,,,
,,,,,50400,-152.12387,94,,,,,,
,,,,,50501,-120.74162,101,,,,,,
,,,,,50589,-81.36675,88,,,,,,
,,,,,50666,-137.67796,77,,,,,,
,,,,,50744,-64.79735,78,,,,,,
,,,,,50822,-71.30526,78,,,,,,
,,,,,50902,-55.437286,80,,,,,,
,,,,,51000,,,11.339517593383789,-5.4482421875,-5.798281669616699,52.897579193115234,0.694,0.0001
,,,,,51012,-75.30043,110,,,,,,
,,,,,51128,-39.191338,116,,,,,,
,,,,,51277,-110.83326,149,,,,,,
,,,,,51361,-85.61756,84,,,,,,
,,,,,51431,-85.062355,70,,,,,,
,,,,,51509,-96.617775,78,,,,,,
,,,,,51610,-141.38527,101,,,,,,
,,,,,51693,-48.188328,83,,,,,,
,,,,,51817,-81.99095,124,,,,,,
,,,,,51957,-77.08569,140,,,,,,
,,,,,52000,,,0.7127846479415894,-0.006245732307434082,-0.21282821893692017,41.43623733520508,0.688,0.0001
,,,,,52077,-317.94116,120,,,,,,
,,,,,52207,-119.83279,130,,,,,,
,,,,,52322,-40.949642,115,,,,,,
,,,,,52423,-114.507904,101,,,,,,
,,,,,52509,-66.65077,86,,,,,,
,,,,,52614,-98.86925,105,,,,,,
,,,,,52706,-108.98193,92,,,,,,
,,,,,52800,-73.97171,94,,,,,,
,,,,,52879,-61.343117,79,,,,,,
,,,,,52974,-83.18253,95,,,,,,
,,,,,53000,,,8.764638900756836,0.3141676187515259,0.4678044617176056,41.36299514770508,0.6819999999999999,0.0001
,,,,,53178,-78.10678,204,,,,,,
,,,,,53295,-82.09691,117,,,,,,
,,,,,53364,-53.71369,69,,,,,,
,,,,,53455,-87.48964,91,,,,,,
,,,,,53579,-84.92562,124,,,,,,
,,,,,53664,-105.319145,85,,,,,,
,,,,,53788,-55.361923,124,,,,,,
,,,,,53944,-68.15758,156,,,,,,
,,,,,54000,,,6.563483715057373,3.3125157356262207,3.288815498352051,26.7032527923584,0.6759999999999999,0.0001
,,,,,54040,-78.39966,96,,,,,,
,,,,,54121,-69.29745,81,,,,,,
,,,,,54281,-38.258854,160,,,,,,
,,,,,54396,-75.03989,115,,,,,,
,,,,,54517,-90.889786,121,,,,,,
,,,,,54639,-63.43949,122,,,,,,
,,,,,54806,-42.794914,167,,,,,,
,,,,,54967,-99.73522,161,,,,,,
,,,,,55000,,,38.822349548339844,-2.6634421348571777,-3.0623340606689453,82.91935729980469,0.67,0.0001
,,,,,55100,-24.365746,133,,,,,,
,,,,,55187,-47.35473,87,,,,,,
,,,,,55360,-84.02662,173,,,,,,
,,,,,55496,-47.84718,136,,,,,,
,,,,,55600,-71.63872,104,,,,,,
,,,,,55702,-42.882874,102,,,,,,
,,,,,55795,-45.04313,93,,,,,,
,,,,,55959,-52.013416,164,,,,,,
,,,,,56000,,,14.239450454711914,-10.781073570251465,-11.449459075927734,117.08895111083984,0.6639999999999999,0.0001
,,,,,56069,-27.648262,110,,,,,,
,,,,,56150,-40.369736,81,,,,,,
,,,,,56235,-42.094086,85,,,,,,
,,,,,56310,-12.9039,75,,,,,,
,,,,,56507,-67.75011,197,,,,,,
,,,,,56610,-67.65752,103,,,,,,
,,,,,56795,-72.54969,185,,,,,,
,,,,,56921,-46.51909,126,,,,,,
,,,,,57000,,,1.544179081916809,-0.9919447898864746,-1.2641746997833252,71.49654388427734,0.6579999999999999,0.0001
,,,,,57101,-70.84838,180,,,,,,
,,,,,57190,-80.64032,89,,,,,,
,,,,,57285,-36.766705,95,,,,,,
,,,,,57426,-61.25538,141,,,,,,
,,,,,57554,-90.026054,128,,,,,,
,,,,,57681,-71.20426,127,,,,,,
,,,,,57805,-34.401146,124,,,,,,
,,,,,57888,-77.083855,83,,,,,,
,,,,,58000,,,1.8679797649383545,-3.025585174560547,-3.1440353393554688,44.86455154418945,0.652,0.0001
,,,,,58035,-75.04207,147,,,,,,
,,,,,58190,16.720146,155,,,,,,
,,,,,58256,-63.062313,66,,,,,,
,,,,,58373,-103.16368,117,,,,,,
,,,,,58460,-64.20431,87,,,,,,
,,,,,58590,-83.589355,130,,,,,,
,,,,,58687,-87.69861,97,,,,,,
,,,,,58761,-84.90043,74,,,,,,
,,,,,58835,-42.954483,74,,,,,,
,,,,,58925,-49.043903,90,,,,,,
,,,,,59000,,,1.3247509002685547,4.2934980392456055,4.123129367828369,20.007646560668945,0.646,0.0001
,,,,,59064,-59.42401,139,,,,,,
,,,,,59180,-93.81666,116,,,,,,
,,,,,59288,-92.75483,108,,,,,,
,,,,,59396,-65.942406,108,,,,,,
,,,,,59568,1.3524246,172,,,,,,
,,,,,59707,-74.1062,139,,,,,,
,,,,,59804,-35.385353,97,,,,,,
,,,,,59949,-51.557465,145,,,,,,
-91.17317,17.72661,-57.384903,-118.91849,1000.0,60000,,,22.321069717407227,-4.442933082580566,-4.584453582763672,61.280696868896484,0.6399999999999999,0.0001
,,,,,60125,-69.87616,176,,,,,,
,,,,,60229,-73.18412,104,,,,,,
,,,,,60340,-95.73052,111,,,,,,
,,,,,60457,-98.31861,117,,,,,,
,,,,,60552,-31.075386,95,,,,,,
,,,,,60671,-64.72346,119,,,,,,
,,,,,60868,-164.28232,197,,,,,,
,,,,,61000,,,1.6825692653656006,-3.3880176544189453,-3.8180782794952393,75.42720794677734,0.634,0.0001
,,,,,61014,-80.41528,146,,,,,,
,,,,,61211,-49.3613,197,,,,,,
,,,,,61389,-27.853157,178,,,,,,
,,,,,61521,-53.249687,132,,,,,,
,,,,,61633,-121.88632,112,,,,,,
,,,,,61732,-189.48495,99,,,,,,
,,,,,61903,-15.169731,171,,,,,,
,,,,,62000,,,1.7748548984527588,2.5583298206329346,2.4968910217285156,26.23919677734375,0.628,0.0001
,,,,,62054,-40.03515,151,,,,,,
,,,,,62151,-115.287415,97,,,,,,
,,,,,62297,-73.17912,146,,,,,,
,,,,,62458,-75.10375,161,,,,,,
,,,,,62550,-54.632183,92,,,,,,
,,,,,62720,-41.56506,170,,,,,,
,,,,,62838,-3.7863617,118,,,,,,
,,,,,62978,-185.3955,140,,,,,,
,,,,,63000,,,2.285098075866699,-3.3679957389831543,-3.0230588912963867,48.57489013671875,0.622,0.0001
,,,,,63054,-111.807144,76,,,,,,
,,,,,63225,49.118073,171,,,,,,
,,,,,63328,-79.22182,103,,,,,,
,,,,,63463,-171.12369,135,,,,,,
,,,,,63602,-90.66542,139,,,,,,
,,,,,63664,-54.026764,62,,,,,,
,,,,,63767,-42.801346,103,,,,,,
,,,,,63923,-66.2542,156,,,,,,
,,,,,64000,,,4.3317790031433105,0.08575785160064697,-0.25012946128845215,56.78426742553711,0.616,0.0001
,,,,,64076,-99.100426,153,,,,,,
,,,,,64191,-46.04464,115,,,,,,
,,,,,64368,25.61296,177,,,,,,
,,,,,64511,-48.35228,143,,,,,,
,,,,,64645,-74.518845,134,,,,,,
,,,,,64829,-5.4659195,184,,,,,,
,,,,,65000,,,1.5055838823318481,3.7610065937042236,3.9016060829162598,36.012638092041016,0.61,0.0001
,,,,,65054,-45.783707,225,,,,,,
,,,,,65167,11.960136,113,,,,,,
,,,,,65316,-86.6274,149,,,,,,
,,,,,65500,-6.391632,184,,,,,,
,,,,,65639,5.938774,139,,,,,,
,,,,,65773,-103.74713,134,,,,,,
,,,,,65862,-67.15643,89,,,,,,
,,,,,65947,-44.415375,85,,,,,,
,,,,,66000,,,4.9829487800598145,-0.364841103553772,-1.1943421363830566,92.060546875,0.604,0.0001
,,,,,66144,51.56244,197,,,,,,
,,,,,66247,-122.21919,103,,,,,,
,,,,,66420,-109.7161,173,,,,,,
,,,,,66541,-25.305191,121,,,,,,
,,,,,67000,,,1.8229734897613525,8.167607307434082,8.133769989013672,27.7965030670166,0.598,0.0001
,,,,,67087,-101.55553,546,,,,,,
,,,,,67254,-155.97945,167,,,,,,
,,,,,67386,-82.56065,132,,,,,,
,,,,,67530,29.81746,144,,,,,,
,,,,,67655,-74.95496,125,,,,,,
,,,,,67954,-101.03248,299,,,,,,
,,,,,68000,,,3.6613590717315674,5.802827835083008,5.514935493469238,19.15452766418457,0.5920000000000001,0.0001
,,,,,68128,-21.781815,174,,,,,,
,,,,,68207,-63.410034,79,,,,,,
,,,,,68289,-17.085976,82,,,,,,
,,,,,68431,-110.122856,142,,,,,,
,,,,,68566,-67.11351,135,,,,,,
,,,,,68814,-80.19974,248,,,,,,
,,,,,69000,,,40.323455810546875,-7.7169389724731445,-8.344375610351562,112.7611312866211,0.586,0.0001
,,,,,69119,-146.81989,305,,,,,,
,,,,,69312,-20.863716,193,,,,,,
,,,,,69397,7.0989227,85,,,,,,
,,,,,69538,-83.403366,141,,,,,,
,,,,,69671,-62.228985,133,,,,,,
,,,,,69832,-71.915276,161,,,,,,
,,,,,69941,-73.94211,109,,,,,,
-113.54906,22.527422,-68.94524,-143.28082,1000.0,70000,,,3.885143518447876,12.850261688232422,12.75171184539795,39.38551712036133,0.58,0.0001
,,,,,70062,-64.800095,121,,,,,,
,,,,,70240,-31.048103,178,,,,,,
,,,,,70335,-152.49585,95,,,,,,
,,,,,70483,-92.70527,148,,,,,,
,,,,,70639,-174.17508,156,,,,,,
,,,,,70782,-27.097977,143,,,,,,
,,,,,70909,-7.017853,127,,,,,,
,,,,,71000,,,4.494803428649902,4.006896495819092,4.483097553253174,61.65554428100586,0.5740000000000001,0.0001
,,,,,71111,-40.706203,202,,,,,,
,,,,,71234,-43.408318,123,,,,,,
,,,,,71343,-38.426514,109,,,,,,
,,,,,71472,1.5271988,129,,,,,,
,,,,,71666,-100.70767,194,,,,,,
,,,,,71852,-103.74976,186,,,,,,
,,,,,72000,,,12.396892547607422,-1.6922193765640259,-1.3997716903686523,76.6301040649414,0.5680000000000001,0.0001
,,,,,72076,-217.22168,224,,,,,,
,,,,,72198,6.6944427,122,,,,,,
,,,,,72424,25.15538,226,,,,,,
,,,,,72564,-58.275543,140,,,,,,
,,,,,72654,-29.221481,90,,,,,,
,,,,,72836,-72.746025,182,,,,,,
,,,,,72955,-52.08291,119,,,,,,
,,,,,73000,,,10.954471588134766,-5.609073162078857,-5.496693134307861,73.75157165527344,0.5619999999999999,0.0001
,,,,,73172,-15.219597,217,,,,,,
,,,,,73286,5.2622757,114,,,,,,
,,,,,73375,-64.86298,89,,,,,,
,,,,,73572,-34.50032,197,,,,,,
,,,,,73872,-110.13783,300,,,,,,
,,,,,73976,-44.281155,104,,,,,,
,,,,,74000,,,0.9828420877456665,11.966659545898438,11.95970344543457,19.7773494720459,0.556,0.0001
,,,,,74101,26.453651,125,,,,,,
,,,,,74401,-294.3103,300,,,,,,
,,,,,74569,-66.45708,168,,,,,,
,,,,,74651,-58.993954,82,,,,,,
,,,,,74896,-153.97516,245,,,,,,
,,,,,75000,,,0.9780300855636597,11.001297950744629,10.828577041625977,33.548362731933594,0.55,0.0001
,,,,,75053,-241.14734,157,,,,,,
,,,,,75202,-18.030396,149,,,,,,
,,,,,75354,-42.07423,152,,,,,,
,,,,,75572,-16.998253,218,,,,,,
,,,,,75705,-94.8262,133,,,,,,
,,,,,75846,-16.11184,141,,,,,,
,,,,,75993,-0.72387695,147,,,,,,
,,,,,76000,,,8.686978340148926,10.911893844604492,10.846834182739258,60.01183319091797,0.5439999999999999,0.0001
,,,,,76097,-120.74723,104,,,,,,
,,,,,76230,39.472504,133,,,,,,
,,,,,76855,-297.86584,625,,,,,,
,,,,,77000,,,27.61528968811035,-7.94558048248291,-7.313417434692383,103.44518280029297,0.538,0.0001
,,,,,77128,-107.91718,273,,,,,,
,,,,,77235,-59.423794,107,,,,,,
,,,,,77331,-113.43796,96,,,,,,
,,,,,77461,-45.621174,130,,,,,,
,,,,,77639,14.250175,178,,,,,,
,,,,,77779,0.9036026,140,,,,,,
,,,,,78000,,,1.668903112411499,5.528660774230957,5.478212356567383,42.50569534301758,0.532,0.0001
,,,,,78252,-205.1665,473,,,,,,
,,,,,78411,-119.6031,159,,,,,,
,,,,,78672,-78.94898,261,,,,,,
,,,,,79000,,,13.404943466186523,-1.9456887245178223,-1.8632060289382935,80.17106628417969,0.526,0.0001
,,,,,79247,-363.24628,575,,,,,,
,,,,,79365,-65.40218,118,,,,,,
,,,,,79474,-38.114246,109,,,,,,
,,,,,79636,-27.653175,162,,,,,,
,,,,,79753,-164.43864,117,,,,,,
,,,,,79864,0.33979034,111,,,,,,
-168.3254,57.56674,-89.59947,-251.79268,822.2,80000,,,1.2597084045410156,8.948920249938965,8.904842376708984,24.219247817993164,0.52,0.0001
,,,,,80042,-187.50827,178,,,,,,
,,,,,80198,-59.2453,156,,,,,,
,,,,,80429,-57.976105,231,,,,,,
,,,,,80576,-179.92381,147,,,,,,
,,,,,80799,-120.57192,223,,,,,,
,,,,,80915,-23.959244,116,,,,,,
,,,,,81000,,,2.242581844329834,-3.8943428993225098,-4.067044258117676,32.12910079956055,0.514,0.0001
,,,,,81031,-108.27879,116,,,,,,
,,,,,81231,-57.09841,200,,,,,,
,,,,,81387,-87.18396,156,,,,,,
,,,,,81535,-117.44331,148,,,,,,
,,,,,81715,-23.91932,180,,,,,,
,,,,,81818,-110.59801,103,,,,,,
,,,,,82000,,,12.83277702331543,-0.5453152656555176,-0.9611902236938477,81.39387512207031,0.508,0.0001
,,,,,82170,-33.40226,352,,,,,,
,,,,,82316,-107.65263,146,,,,,,
,,,,,83000,,,3.642148733139038,2.412224531173706,2.3777871131896973,37.42666244506836,0.502,0.0001
,,,,,83038,-214.97311,722,,,,,,
,,,,,83153,-100.55444,115,,,,,,
,,,,,83433,-177.12189,280,,,,,,
,,,,,83593,-40.708694,160,,,,,,
,,,,,83701,-127.63588,108,,,,,,
,,,,,83847,-147.1374,146,,,,,,
,,,,,83996,-163.19214,149,,,,,,
,,,,,84000,,,22.823116302490234,5.750133037567139,6.664569854736328,77.18408966064453,0.4959999999999999,0.0001
,,,,,84115,-14.37085,119,,,,,,
,,,,,84284,-28.29232,169,,,,,,
,,,,,84735,-255.25404,451,,,,,,
,,,,,84921,-71.97137,186,,,,,,
,,,,,85000,,,3.550849676132202,5.539244174957275,5.6537017822265625,40.946144104003906,0.49,0.0001
,,,,,85108,-117.49873,187,,,,,,
,,,,,85549,-273.0849,441,,,,,,
,,,,,85677,-35.353577,128,,,,,,
,,,,,85842,12.844048,165,,,,,,
,,,,,86000,,,33.420467376708984,10.853164672851562,12.050662994384766,84.21341705322266,0.484,0.0001
,,,,,86120,-182.3234,278,,,,,,
,,,,,86235,-92.73421,115,,,,,,
,,,,,86445,-137.98541,210,,,,,,
,,,,,86586,-88.38146,141,,,,,,
,,,,,86670,-31.852646,84,,,,,,
,,,,,87000,,,3.185373306274414,8.083075523376465,8.066596984863281,31.400150299072266,0.478,0.0001
,,,,,87146,-148.21332,476,,,,,,
,,,,,87325,-54.03331,179,,,,,,
,,,,,87432,-56.342598,107,,,,,,
,,,,,87836,-180.12653,404,,,,,,
,,,,,87916,-38.58333,80,,,,,,
,,,,,88000,,,4.048588275909424,11.536233901977539,10.985617637634277,86.75812530517578,0.472,0.0001
,,,,,88020,-28.387848,104,,,,,,
,,,,,88265,-51.650856,245,,,,,,
,,,,,88398,13.138245,133,,,,,,
,,,,,88484,-58.603775,86,,,,,,
,,,,,88849,-47.154297,365,,,,,,
,,,,,89000,,,12.17055606842041,14.449507713317871,14.787633895874023,79.24121856689453,0.46599999999999997,0.0001
,,,,,89217,-267.76828,368,,,,,,
,,,,,89392,-92.86658,175,,,,,,
,,,,,89871,-273.43326,479,,,,,,
-153.5476,62.852283,-76.195404,-262.5962,918.4,90000,,,9.812357902526855,12.658915519714355,13.423501968383789,121.0911636352539,0.45999999999999996,0.0001
,,,,,90019,-17.512947,148,,,,,,
,,,,,90236,-76.75145,217,,,,,,
,,,,,90426,-55.085495,190,,,,,,
,,,,,90961,-150.15366,535,,,,,,
,,,,,91000,,,35.11724090576172,16.968189239501953,16.40553092956543,132.09332275390625,0.45399999999999996,0.0001
,,,,,91085,-28.66188,124,,,,,,
,,,,,91504,-175.77548,419,,,,,,
,,,,,92000,,,14.921463012695312,10.92820930480957,10.568264961242676,64.27163696289062,0.44800000000000006,0.0001
,,,,,92108,-293.94287,604,,,,,,
,,,,,92220,-48.181602,112,,,,,,
,,,,,92514,-60.835926,294,,,,,,
,,,,,93000,,,10.553143501281738,9.22232437133789,9.712059020996094,90.92762756347656,0.44199999999999995,0.0001
,,,,,93271,-263.11035,757,,,,,,
,,,,,94000,,,2.1196603775024414,7.869460105895996,7.763111114501953,45.52286148071289,0.43599999999999994,0.0001
,,,,,94062,-202.33032,791,,,,,,
,,,,,94703,-305.3039,641,,,,,,
,,,,,95000,,,1.8396844863891602,12.19361686706543,12.136690139770508,31.53483772277832,0.43000000000000005,0.0001
,,,,,95505,-208.09769,802,,,,,,
,,,,,96000,,,14.470273971557617,1.5272703170776367,1.5209369659423828,119.88938903808594,0.42399999999999993,0.0001
,,,,,96234,-62.606018,729,,,,,,
,,,,,96594,-253.5284,360,,,,,,
,,,,,96769,-162.17938,175,,,,,,
,,,,,97000,,,10.020355224609375,13.948883056640625,14.391687393188477,87.69657897949219,0.41800000000000004,0.0001
,,,,,97666,-240.75435,897,,,,,,
,,,,,97794,-64.68161,128,,,,,,
,,,,,98000,,,12.204861640930176,8.641807556152344,8.358301162719727,91.77751159667969,0.41200000000000003,0.0001
,,,,,98072,-81.484344,278,,,,,,
,,,,,98652,-246.05728,580,,,,,,
,,,,,98799,-67.44112,147,,,,,,
,,,,,99000,,,4.531208515167236,6.768230438232422,6.545931816101074,67.64470672607422,0.4059999999999999,0.0001
,,,,,99717,-208.71213,918,,,,,,
,,,,,99844,-50.422455,127,,,,,,
-152.3069,21.562483,-123.18294,-192.07977,674.4,100000,,,10.508487701416016,8.95044994354248,8.893083572387695,71.95263671875,0.4,0.0001
,,,,,100844,-72.75612,1000,,,,,,
,,,,,100976,-63.119957,132,,,,,,
,,,,,101000,,,8.467426300048828,10.313996315002441,10.675477981567383,99.90624237060547,0.394,0.0001
,,,,,101096,-50.192307,120,,,,,,
,,,,,101407,-124.94901,311,,,,,,
,,,,,102000,,,2.4232826232910156,0.5495553016662598,1.1128301620483398,105.78465270996094,0.3879999999999999,0.0001
,,,,,102358,-249.15083,951,,,,,,
,,,,,103000,,,1.5248398780822754,10.057401657104492,10.105728149414062,56.932804107666016,0.382,0.0001
,,,,,103166,-146.3645,808,,,,,,
,,,,,104000,,,8.600476264953613,11.98187255859375,12.313276290893555,38.83168029785156,0.376,0.0001
,,,,,104166,-91.90153,1000,,,,,,
,,,,,104762,-158.35736,596,,,,,,
,,,,,105000,,,6.132193565368652,6.400969505310059,6.313892364501953,51.408206939697266,0.37,0.0001
,,,,,105168,-123.823425,406,,,,,,
,,,,,105523,-163.75885,355,,,,,,
,,,,,106000,,,19.518905639648438,8.556729316711426,8.558282852172852,91.10484313964844,0.364,0.0001
,,,,,106523,-37.86803,1000,,,,,,
,,,,,107000,,,7.103525161743164,14.02803897857666,14.902780532836914,128.04525756835938,0.358,0.0001
,,,,,107523,-129.7981,1000,,,,,,
,,,,,108000,,,5.768998146057129,8.326327323913574,8.109004020690918,47.66754150390625,0.352,0.0001
,,,,,108523,-50.889175,1000,,,,,,
,,,,,109000,,,7.7449517250061035,9.53929328918457,9.403542518615723,103.37915802001953,0.346,0.0001
,,,,,109433,-202.45142,910,,,,,,
,,,,,109798,-66.50748,365,,,,,,
-94.78263,33.23678,-54.934006,-148.44029,783.7,110000,,,13.973427772521973,3.5879909992218018,4.143106937408447,77.57215118408203,0.3400000000000001,0.0001
,,,,,110798,-37.942863,1000,,,,,,
,,,,,111000,,,1.7199499607086182,7.48519229888916,7.629427433013916,30.773107528686523,0.33399999999999996,0.0001
,,,,,111798,-34.779537,1000,,,,,,
,,,,,112000,,,4.5503740310668945,14.725639343261719,15.070685386657715,44.206993103027344,0.32799999999999996,0.0001
,,,,,112798,-66.33331,1000,,,,,,
,,,,,113000,,,5.907390117645264,15.463586807250977,15.283294677734375,76.31424713134766,0.32200000000000006,0.0001
,,,,,113798,-90.68497,1000,,,,,,
,,,,,114000,,,11.786323547363281,14.434968948364258,13.850931167602539,120.89876556396484,0.31599999999999995,0.0001
,,,,,114706,-177.98003,908,,,,,,
,,,,,115000,,,4.220248222351074,16.793357849121094,17.136877059936523,40.97651672363281,0.30999999999999994,0.0001
,,,,,115706,-121.10181,1000,,,,,,
,,,,,116000,,,22.141197204589844,2.574061632156372,2.037534236907959,98.50849914550781,0.30400000000000005,0.0001
,,,,,116706,-59.530384,1000,,,,,,
,,,,,116846,-12.165276,140,,,,,,
,,,,,117000,,,9.739670753479004,7.286454200744629,6.911919593811035,62.218990325927734,0.29799999999999993,0.0001
,,,,,117122,-43.050278,276,,,,,,
,,,,,117270,1.8950806,148,,,,,,
,,,,,117787,-111.10808,517,,,,,,
,,,,,118000,,,10.95538330078125,9.652897834777832,9.898130416870117,65.27705383300781,0.29200000000000004,0.0001
,,,,,118787,-33.53276,1000,,,,,,
,,,,,119000,,,7.64754056930542,9.540090560913086,9.509244918823242,81.59671783447266,0.28600000000000003,0.0001
,,,,,119787,-100.17731,1000,,,,,,
-61.749153,20.503103,-24.792341,-104.74328,1000.0,120000,,,1.8334629535675049,14.812539100646973,14.002410888671875,118.32994079589844,0.2799999999999999,0.0001
,,,,,120787,-24.724823,1000,,,,,,
,,,,,121000,,,2.5351319313049316,9.29511833190918,9.37307357788086,32.57773971557617,0.274,0.0001
,,,,,121787,-38.52863,1000,,,,,,
,,,,,122000,,,2.4217958450317383,9.177978515625,8.752982139587402,64.67539978027344,0.268,0.0001
,,,,,122787,-47.853592,1000,,,,,,
,,,,,123000,,,2.753685474395752,7.234414100646973,7.371811389923096,39.12246322631836,0.262,0.0001
,,,,,123787,-34.145714,1000,,,,,,
,,,,,124000,,,2.752622127532959,17.166894912719727,17.276498794555664,42.464229583740234,0.256,0.0001
,,,,,124787,-21.755978,1000,,,,,,
,,,,,125000,,,9.72810173034668,17.385025024414062,17.878297805786133,100.55542755126953,0.25,0.0001
,,,,,125787,-63.558716,1000,,,,,,
,,,,,126000,,,10.430054664611816,13.315691947937012,14.22929573059082,129.12274169921875,0.244,0.0001
,,,,,126787,-74.29935,1000,,,,,,
,,,,,127000,,,4.020432472229004,18.520706176757812,18.364118576049805,39.014183044433594,0.238,0.0001
,,,,,127787,-30.938164,1000,,,,,,
,,,,,128000,,,2.1991846561431885,10.053975105285645,10.087445259094238,27.413240432739258,0.23199999999999998,0.0001
,,,,,128787,-48.143353,1000,,,,,,
,,,,,129000,,,19.112825393676758,9.500101089477539,10.10828685760498,77.388671875,0.22599999999999998,0.0001
,,,,,129787,-11.65618,1000,,,,,,
-9.200341,12.669122,5.223645,-31.4177,1000.0,130000,,,67.76750946044922,10.637115478515625,11.837148666381836,237.86878967285156,0.21999999999999997,0.0001
,,,,,130787,11.234952,1000,,,,,,
,,,,,131000,,,13.389699935913086,3.82625150680542,3.143648624420166,66.41544342041016,0.21399999999999997,0.0001
,,,,,131787,7.5746875,1000,,,,,,
,,,,,132000,,,2.003279209136963,30.69147300720215,30.730712890625,32.869300842285156,0.20799999999999996,0.0001
,,,,,132787,-50.723034,1000,,,,,,
,,,,,133000,,,6.924411773681641,18.165740966796875,18.31981086730957,74.19392395019531,0.20199999999999996,0.0001
,,,,,133787,-80.0815,1000,,,,,,
,,,,,134000,,,3.871192216873169,15.46928882598877,15.096906661987305,54.11186599731445,0.19599999999999995,0.0001
,,,,,134787,2.0257626,1000,,,,,,
,,,,,135000,,,14.225598335266113,15.422242164611816,14.695544242858887,137.29652404785156,0.18999999999999995,0.0001
,,,,,135787,-63.83155,1000,,,,,,
,,,,,136000,,,18.815353393554688,13.600439071655273,14.167346954345703,94.84160614013672,0.18400000000000005,0.0001
,,,,,136787,20.048317,1000,,,,,,
,,,,,137000,,,3.1832802295684814,19.826904296875,19.866802215576172,48.93107604980469,0.17799999999999994,0.0001
,,,,,137787,-20.10417,1000,,,,,,
,,,,,138000,,,5.770944595336914,21.165958404541016,20.914169311523438,97.5052490234375,0.17199999999999993,0.0001
,,,,,138787,9.207206,1000,,,,,,
,,,,,139000,,,13.187664031982422,20.09762954711914,19.873470306396484,78.23281860351562,0.16600000000000004,0.0001
,,,,,139787,-38.64941,1000,,,,,,
-15.6942425,22.488441,12.873132,-57.7924,1000.0,140000,,,9.456782341003418,21.36562728881836,21.360095977783203,76.78572845458984,0.15999999999999992,0.0001
,,,,,140787,-12.673225,1000,,,,,,
,,,,,141000,,,4.134626865386963,18.044538497924805,18.290916442871094,45.5279541015625,0.15400000000000003,0.0001
,,,,,141787,-5.474834,1000,,,,,,
,,,,,142000,,,3.3102951049804688,12.53468132019043,12.194467544555664,37.16496658325195,0.14800000000000002,0.0001
,,,,,142787,12.893158,1000,,,,,,
,,,,,143000,,,1.1959011554718018,16.74634552001953,16.750524520874023,29.224594116210938,0.1419999999999999,0.0001
,,,,,143787,-47.099045,1000,,,,,,
,,,,,144000,,,99.52439880371094,8.523904800415039,7.144169330596924,317.46563720703125,0.136,0.0001
,,,,,144787,-48.64164,1000,,,,,,
,,,,,145000,,,11.495674133300781,21.266155242919922,21.36231803894043,55.39302444458008,0.13,0.0001
,,,,,145787,-21.986029,1000,,,,,,
,,,,,146000,,,5.487525463104248,19.451709747314453,19.60240936279297,37.08466339111328,0.12399999999999989,0.0001
,,,,,146787,-10.533801,1000,,,,,,
,,,,,147000,,,28.098012924194336,26.316680908203125,25.14519500732422,171.35989379882812,0.118,0.0001
,,,,,147787,-29.64208,1000,,,,,,
,,,,,148000,,,6.655367851257324,15.895872116088867,16.18783950805664,63.567222595214844,0.11199999999999999,0.0001
,,,,,148787,-23.565302,1000,,,,,,
,,,,,149000,,,4.68311882019043,12.25479507446289,12.401969909667969,33.617427825927734,0.10599999999999998,0.0001
,,,,,149787,-21.213612,1000,,,,,,
-26.46107,23.878069,6.558065,-56.764137,1000.0,150000,,,2.0453267097473145,11.666698455810547,11.653295516967773,18.32737159729004,0.1,0.0001
,,,,,150787,-59.777557,1000,,,,,,
,,,,,151000,,,1.535682201385498,15.789260864257812,15.677099227905273,37.46616744995117,0.09946666666666668,0.0001
,,,,,151787,-54.08954,1000,,,,,,
,,,,,152000,,,11.16494083404541,16.392044067382812,15.854837417602539,98.95536041259766,0.09893333333333335,0.0001
,,,,,152787,-63.371387,1000,,,,,,
,,,,,153000,,,3.2380762100219727,13.789756774902344,13.975809097290039,35.70120620727539,0.0984,0.0001
,,,,,153787,-59.989246,1000,,,,,,
,,,,,154000,,,11.462644577026367,24.303844451904297,24.433677673339844,68.21366882324219,0.09786666666666667,0.0001
,,,,,154787,-49.534546,1000,,,,,,
,,,,,155000,,,3.5173301696777344,18.766281127929688,18.573484420776367,35.179107666015625,0.09733333333333334,0.0001
,,,,,155787,-61.35703,1000,,,,,,
,,,,,156000,,,9.8821439743042,17.22426414489746,16.43973159790039,121.05453491210938,0.09680000000000001,0.0001
,,,,,156787,-6.7551613,1000,,,,,,
,,,,,157000,,,13.545448303222656,26.391521453857422,25.90841293334961,142.33949279785156,0.09626666666666667,0.0001
,,,,,157787,16.74472,1000,,,,,,
,,,,,158000,,,2.2849605083465576,33.22355270385742,33.33760070800781,32.602821350097656,0.09573333333333334,0.0001
,,,,,158787,-9.113664,1000,,,,,,
,,,,,159000,,,6.2786102294921875,24.296321868896484,24.670021057128906,60.70186233520508,0.0952,0.0001
,,,,,159787,-26.85802,1000,,,,,,
-23.86508,27.73161,22.277021,-59.59489,1000.0,160000,,,6.367412090301514,27.352344512939453,27.588516235351562,50.088626861572266,0.09466666666666668,0.0001
,,,,,160787,-41.917862,1000,,,,,,
,,,,,161000,,,16.86554718017578,15.586658477783203,15.58681869506836,126.74365234375,0.09413333333333333,0.0001
,,,,,161787,24.1627,1000,,,,,,
,,,,,162000,,,4.254160404205322,19.73785400390625,19.707918167114258,31.59866714477539,0.0936,0.0001
,,,,,162787,-30.600126,1000,,,,,,
,,,,,163000,,,1.993707537651062,17.652339935302734,17.369295120239258,36.26026916503906,0.09306666666666667,0.0001
,,,,,163787,-11.351164,1000,,,,,,
,,,,,164000,,,5.584089756011963,17.058815002441406,16.835834503173828,62.12721633911133,0.09253333333333334,0.0001
,,,,,164787,-2.7699203,1000,,,,,,
,,,,,165000,,,2.5549771785736084,13.837563514709473,13.517961502075195,45.365482330322266,0.092,0.0001
,,,,,165787,-46.876026,1000,,,,,,
,,,,,166000,,,2.8156967163085938,19.2529296875,19.311695098876953,43.89313507080078,0.09146666666666667,0.0001
,,,,,166787,-7.347853,1000,,,,,,
,,,,,167000,,,3.236375570297241,29.08209991455078,29.50841522216797,44.36739730834961,0.09093333333333334,0.0001
,,,,,167787,-72.33708,1000,,,,,,
,,,,,168000,,,15.649916648864746,12.053918838500977,12.557184219360352,130.9813232421875,0.09040000000000001,0.0001
,,,,,168787,-1.3534353,1000,,,,,,
,,,,,169000,,,2.050523519515991,14.204471588134766,14.2765531539917,30.347660064697266,0.08986666666666668,0.0001
,,,,,169787,-35.076195,1000,,,,,,
-16.930988,19.537785,18.379341,-52.856785,935.1,170000,,,8.2832612991333,17.695650100708008,17.616008758544922,43.36799621582031,0.08933333333333333,0.0001
,,,,,170787,-16.484694,1000,,,,,,
,,,,,171000,,,1.8217227458953857,17.85531234741211,17.681020736694336,26.99502182006836,0.0888,0.0001
,,,,,171787,-31.01661,1000,,,,,,
,,,,,172000,,,7.979613304138184,20.94662857055664,21.304004669189453,78.45174407958984,0.08826666666666667,0.0001
,,,,,172787,-30.554096,1000,,,,,,
,,,,,173000,,,5.587021350860596,25.72494125366211,25.57775115966797,58.94453811645508,0.08773333333333334,0.0001
,,,,,173787,7.041367,1000,,,,,,
,,,,,174000,,,2.053412437438965,25.30956268310547,25.695301055908203,50.73690414428711,0.0872,0.0001
,,,,,174787,-21.424622,1000,,,,,,
,,,,,175000,,,2.1066176891326904,23.74593162536621,23.69709014892578,21.752397537231445,0.08666666666666667,0.0001
,,,,,175787,-53.217052,1000,,,,,,
,,,,,176000,,,1.182756781578064,29.126388549804688,28.850318908691406,43.475059509277344,0.08613333333333334,0.0001
,,,,,176787,-11.920362,1000,,,,,,
,,,,,177000,,,4.474915504455566,22.972570419311523,23.373180389404297,48.57685852050781,0.08560000000000001,0.0001
,,,,,177787,-44.012047,1000,,,,,,
,,,,,178000,,,2.6391866207122803,14.955391883850098,14.824238777160645,35.70412063598633,0.08506666666666667,0.0001
,,,,,178787,-7.6952186,1000,,,,,,
,,,,,179000,,,104.0374526977539,15.130016326904297,13.517115592956543,510.5758056640625,0.08453333333333334,0.0001
,,,,,179787,-33.489906,1000,,,,,,
-14.871376,21.880617,32.314236,-40.48382,1000.0,180000,,,3.5270864963531494,19.018491744995117,18.772863388061523,52.74508285522461,0.084,0.0001
,,,,,180787,8.687159,1000,,,,,,
,,,,,181000,,,4.198195457458496,24.084638595581055,23.78200912475586,45.41023254394531,0.08346666666666668,0.0001
,,,,,181787,11.663325,1000,,,,,,
,,,,,182000,,,4.512517929077148,20.578380584716797,20.706214904785156,52.34859085083008,0.08293333333333333,0.0001
,,,,,182787,-39.381306,1000,,,,,,
,,,,,183000,,,6.895761013031006,30.216632843017578,30.824562072753906,91.30521392822266,0.0824,0.0001
,,,,,183787,-61.35347,1000,,,,,,
,,,,,184000,,,1.4424413442611694,27.032867431640625,27.236543655395508,30.410903930664062,0.08186666666666667,0.0001
,,,,,184787,15.893268,1000,,,,,,
,,,,,185000,,,20.71825408935547,21.663677215576172,22.270227432250977,141.25424194335938,0.08133333333333334,0.0001
,,,,,185787,-60.486916,1000,,,,,,
,,,,,186000,,,1.8900364637374878,23.76001739501953,23.83440399169922,25.650144577026367,0.08080000000000001,0.0001
,,,,,186787,-2.367455,1000,,,,,,
,,,,,187000,,,5.452800750732422,23.555145263671875,22.8226318359375,96.61778259277344,0.08026666666666667,0.0001
,,,,,187787,-37.340717,1000,,,,,,
,,,,,188000,,,4.243536949157715,20.227266311645508,20.292112350463867,25.97974967956543,0.07973333333333334,0.0001
,,,,,188787,-15.795227,1000,,,,,,
,,,,,189000,,,4.5766520500183105,18.128496170043945,17.908756256103516,56.044776916503906,0.0792,0.0001
,,,,,189787,22.199709,1000,,,,,,
-9.890824,17.647371,23.004797,-35.651924,1000.0,190000,,,12.258371353149414,23.08547592163086,23.432247161865234,95.32112884521484,0.07866666666666668,0.0001
,,,,,190787,-21.758066,1000,,,,,,
,,,,,191000,,,1.577276587486267,13.122467041015625,12.862113952636719,58.90256881713867,0.07813333333333333,0.0001
,,,,,191787,-25.26088,1000,,,,,,
,,,,,192000,,,6.7552490234375,15.012020111083984,14.85685920715332,64.94490814208984,0.0776,0.0001
,,,,,192787,24.005796,1000,,,,,,
,,,,,193000,,,2.1068739891052246,29.458377838134766,29.51143455505371,39.82667922973633,0.07706666666666667,0.0001
,,,,,193787,-52.18924,1000,,,,,,
,,,,,194000,,,12.780049324035645,30.593799591064453,30.562955856323242,120.20880889892578,0.07653333333333334,0.0001
,,,,,194787,-57.912468,1000,,,,,,
,,,,,195000,,,1.2070724964141846,26.56285285949707,26.59585952758789,22.093297958374023,0.07600000000000001,0.0001
,,,,,195787,-25.084267,1000,,,,,,
,,,,,196000,,,19.12529754638672,13.5778169631958,13.630577087402344,117.25214385986328,0.07546666666666668,0.0001
,,,,,196787,-45.75383,1000,,,,,,
,,,,,197000,,,1.9934148788452148,18.60712432861328,18.707653045654297,49.22498321533203,0.07493333333333334,0.0001
,,,,,197787,-12.780948,1000,,,,,,
,,,,,198000,,,1.9488155841827393,28.5368709564209,28.32071876525879,30.884679794311523,0.07440000000000001,0.0001
,,,,,198787,-20.293526,1000,,,,,,
,,,,,199000,,,24.014698028564453,20.728878021240234,19.864944458007812,163.62420654296875,0.07386666666666666,0.0001
,,,,,199787,-36.501347,1000,,,,,,
-21.525366,20.96053,12.280842,-54.65815,1000.0,200000,,,3.990264415740967,26.435203552246094,26.36769676208496,44.69000244140625,0.07333333333333333,0.0001
,,,,,200787,-52.97819,1000,,,,,,
,,,,,201000,,,2.1816835403442383,24.1845703125,24.322355270385742,30.418933868408203,0.0728,0.0001
,,,,,201787,-42.937046,1000,,,,,,
,,,,,202000,,,84.09797668457031,16.148958206176758,17.408035278320312,363.7724304199219,0.07226666666666667,0.0001
,,,,,202787,-82.74135,1000,,,,,,
,,,,,203000,,,2.456552505493164,24.993473052978516,25.175992965698242,22.682292938232422,0.07173333333333334,0.0001
,,,,,203787,-43.755333,1000,,,,,,
,,,,,204000,,,29.13872528076172,19.218721389770508,19.988182067871094,189.09219360351562,0.07120000000000001,0.0001
,,,,,204787,-14.682848,1000,,,,,,
,,,,,205000,,,2.2623209953308105,25.285924911499023,25.008432388305664,36.758331298828125,0.07066666666666667,0.0001
,,,,,205787,-87.396225,1000,,,,,,
,,,,,206000,,,4.529544353485107,16.431407928466797,16.482542037963867,45.937259674072266,0.07013333333333334,0.0001
,,,,,206787,-3.5955276,1000,,,,,,
,,,,,207000,,,10.754087448120117,20.895610809326172,20.41250228881836,113.79173278808594,0.06960000000000001,0.0001
,,,,,207787,-23.636637,1000,,,,,,
,,,,,208000,,,1.8900282382965088,26.857206344604492,26.84046173095703,27.14629364013672,0.06906666666666667,0.0001
,,,,,208787,-35.901352,1000,,,,,,
,,,,,209000,,,11.469074249267578,22.104228973388672,22.596710205078125,86.05327606201172,0.06853333333333333,0.0001
,,,,,209787,-14.741447,1000,,,,,,
-26.984125,19.863987,6.3040843,-53.89145,1000.0,210000,,,1.2466202974319458,21.429269790649414,21.56474494934082,19.52109146118164,0.068,0.0001
,,,,,210787,-56.85872,1000,,,,,,
,,,,,211000,,,3.179731845855713,12.126266479492188,11.901765823364258,40.26158905029297,0.06746666666666667,0.0001
,,,,,211787,0.1138469,1000,,,,,,
,,,,,212000,,,1.482993245124817,20.746440887451172,20.604036331176758,51.77078628540039,0.06693333333333334,0.0001
,,,,,212787,-1.570915,1000,,,,,,
,,,,,213000,,,2.2272655963897705,13.896770477294922,13.820964813232422,33.87917709350586,0.06640000000000001,0.0001
,,,,,213787,0.3185153,1000,,,,,,
,,,,,214000,,,3.3706653118133545,24.19964027404785,24.247957229614258,36.27155685424805,0.06586666666666667,0.0001
,,,,,214787,25.627111,1000,,,,,,
,,,,,215000,,,2.1160130500793457,25.564956665039062,25.51650047302246,18.586591720581055,0.06533333333333333,0.0001
,,,,,215787,-30.466047,1000,,,,,,
,,,,,216000,,,1.8207186460494995,30.715797424316406,31.074556350708008,65.09111785888672,0.0648,0.0001
,,,,,216787,-34.461273,1000,,,,,,
,,,,,217000,,,12.058201789855957,24.849506378173828,25.5919132232666,123.55592346191406,0.06426666666666667,0.0001
,,,,,217787,-34.25159,1000,,,,,,
,,,,,218000,,,3.757784128189087,29.327543258666992,29.4664249420166,42.30384826660156,0.06373333333333334,0.0001
,,,,,218787,-56.507133,1000,,,,,,
,,,,,219000,,,1.3136134147644043,19.51780891418457,19.461246490478516,15.70169448852539,0.0632,0.0001
,,,,,219787,-99.56683,1000,,,,,,
-42.284203,17.899357,-10.334588,-69.75068,1000.0,220000,,,1.2720308303833008,27.769954681396484,27.706771850585938,17.400571823120117,0.06266666666666668,0.0001
,,,,,220787,-39.55056,1000,,,,,,
,,,,,221000,,,2.190147638320923,27.807884216308594,28.105045318603516,39.34892654418945,0.06213333333333334,0.0001
,,,,,221787,-48.42911,1000,,,,,,
,,,,,222000,,,3.7612924575805664,17.945877075195312,18.24250602722168,46.58564376831055,0.06160000000000001,0.0001
,,,,,222787,-7.326604,1000,,,,,,
,,,,,223000,,,5.6585211753845215,28.74985122680664,28.652307510375977,42.158592224121094,0.06106666666666667,0.0001
,,,,,223787,-84.55091,1000,,,,,,
,,,,,224000,,,1.1619374752044678,20.70585060119629,20.556297302246094,23.72215461730957,0.060533333333333335,0.0001
,,,,,224787,-30.832245,1000,,,,,,
,,,,,225000,,,151.43882751464844,26.717159271240234,28.07254981994629,429.7498779296875,0.060000000000000005,0.0001
,,,,,225787,-56.665607,1000,,,,,,
,,,,,226000,,,0.9816485643386841,29.957355499267578,30.310239791870117,37.05721664428711,0.05946666666666667,0.0001
,,,,,226787,-79.938095,1000,,,,,,
,,,,,227000,,,25.882713317871094,30.63074493408203,30.36491584777832,172.59849548339844,0.05893333333333334,0.0001
,,,,,227787,-1.7184768,1000,,,,,,
,,,,,228000,,,2.265127420425415,27.145828247070312,27.010540008544922,33.02858352661133,0.0584,0.0001
,,,,,228787,-113.00582,1000,,,,,,
,,,,,229000,,,1.4876387119293213,25.877845764160156,25.85789680480957,21.02678680419922,0.05786666666666668,0.0001
,,,,,229787,-28.226057,1000,,,,,,
-47.46006,20.586573,-18.448908,-79.796265,1000.0,230000,,,3.7833242416381836,23.095672607421875,23.20893096923828,45.74932861328125,0.05733333333333334,0.0001
,,,,,230787,-102.535904,1000,,,,,,
,,,,,231000,,,1.3276176452636719,24.078166961669922,24.123916625976562,30.89021873474121,0.0568,0.0001
,,,,,231787,-18.792412,1000,,,,,,
,,,,,232000,,,3.397083282470703,35.07909393310547,35.63544464111328,68.17544555664062,0.05626666666666667,0.0001
,,,,,232787,-32.602516,1000,,,,,,
,,,,,233000,,,5.294378280639648,28.4520320892334,28.136463165283203,109.58903503417969,0.055733333333333336,0.0001
,,,,,233787,-16.593126,1000,,,,,,
,,,,,234000,,,4.306488990783691,28.015666961669922,28.614412307739258,67.75782012939453,0.0552,0.0001
,,,,,234787,-62.445786,1000,,,,,,
,,,,,235000,,,14.812442779541016,21.458322525024414,21.15900993347168,93.96595764160156,0.054666666666666676,0.0001
,,,,,235787,-9.957102,1000,,,,,,
,,,,,236000,,,1.1525778770446777,34.02268600463867,33.84416198730469,27.403635025024414,0.05413333333333334,0.0001
,,,,,236787,-30.736322,1000,,,,,,
,,,,,237000,,,0.8935526013374329,28.845247268676758,28.701061248779297,22.01484489440918,0.05360000000000001,0.0001
,,,,,237787,-54.378086,1000,,,,,,
,,,,,238000,,,7.447326183319092,23.74614715576172,23.68248748779297,52.730308532714844,0.05306666666666667,0.0001
,,,,,238787,-46.548943,1000,,,,,,
,,,,,239000,,,8.249470710754395,15.542434692382812,15.710456848144531,59.038108825683594,0.052533333333333335,0.0001
,,,,,239787,-0.19573474,1000,,,,,,
-29.21792,18.66783,-5.315667,-62.730686,1000.0,240000,,,10.01126480102539,23.121219635009766,23.773000717163086,98.90516662597656,0.052000000000000005,0.0001
,,,,,240787,-18.646646,1000,,,,,,
,,,,,241000,,,12.509507179260254,22.76068687438965,21.957632064819336,134.9022674560547,0.05146666666666667,0.0001
,,,,,241787,-38.200764,1000,,,,,,
,,,,,242000,,,58.4450798034668,22.345565795898438,23.449695587158203,294.24200439453125,0.050933333333333344,0.0001
,,,,,242787,-58.95918,1000,,,,,,
,,,,,243000,,,1.6290535926818848,35.405799865722656,35.232994079589844,28.72589683532715,0.05040000000000001,0.0001
,,,,,243787,22.771778,1000,,,,,,
,,,,,244000,,,2.1314423084259033,25.83298110961914,25.900571823120117,29.409345626831055,0.04986666666666667,0.0001
,,,,,244787,-62.48351,1000,,,,,,
,,,,,245000,,,8.697469711303711,21.912887573242188,21.261219024658203,139.8604278564453,0.04933333333333334,0.0001
,,,,,245787,-68.30205,1000,,,,,,
,,,,,246000,,,234.88516235351562,28.840261459350586,26.997106552124023,252.84423828125,0.0488,0.0001
,,,,,246787,-43.860382,1000,,,,,,
,,,,,247000,,,1.4128528833389282,29.518238067626953,29.5914306640625,28.08983039855957,0.04826666666666667,0.0001
,,,,,247787,-75.183365,1000,,,,,,
,,,,,248000,,,4.284523010253906,23.520763397216797,23.673995971679688,68.02272033691406,0.047733333333333336,0.0001
,,,,,248787,-49.0314,1000,,,,,,
,,,,,249000,,,4.670407295227051,28.971988677978516,29.2259464263916,36.890289306640625,0.0472,0.0001
,,,,,249787,-56.20928,1000,,,,,,
-45.020615,28.143461,-0.19360375,-92.07683,1000.0,250000,,,5.804980278015137,31.46065330505371,31.80779457092285,52.856685638427734,0.046666666666666676,0.0001
,,,,,250787,-69.23134,1000,,,,,,
,,,,,251000,,,1.4299862384796143,25.55610466003418,25.479629516601562,18.051151275634766,0.04613333333333334,0.0001
,,,,,251787,-7.1143975,1000,,,,,,
,,,,,252000,,,12.6063814163208,19.70855712890625,19.840389251708984,67.55909729003906,0.0456,0.0001
,,,,,252787,-33.32849,1000,,,,,,
,,,,,253000,,,1.5927046537399292,24.361188888549805,24.405105590820312,33.7252197265625,0.04506666666666667,0.0001
,,,,,253787,-40.900425,1000,,,,,,
,,,,,254000,,,1.7157304286956787,33.9569091796875,34.281455993652344,53.857582092285156,0.044533333333333334,0.0001
,,,,,254787,-8.786564,1000,,,,,,
,,,,,255000,,,5.748619556427002,21.464473724365234,21.866979598999023,44.06827926635742,0.04400000000000001,0.0001
,,,,,255787,-70.96583,1000,,,,,,
,,,,,256000,,,1.409757375717163,26.489154815673828,26.392534255981445,28.7440128326416,0.043466666666666674,0.0001
,,,,,256787,-50.566967,1000,,,,,,
,,,,,257000,,,57.72846603393555,22.101890563964844,21.500839233398438,197.00958251953125,0.04293333333333334,0.0001
,,,,,257787,-20.570875,1000,,,,,,
,,,,,258000,,,14.98064136505127,28.347305297851562,28.96489906311035,162.61758422851562,0.04240000000000001,0.0001
,,,,,258787,-26.385155,1000,,,,,,
,,,,,259000,,,2.7671117782592773,25.65917205810547,25.51434326171875,52.31648254394531,0.04186666666666667,0.0001
,,,,,259787,-30.421335,1000,,,,,,
-30.61868,25.989666,5.1291513,-70.17681,1000.0,260000,,,7.913404941558838,31.125503540039062,30.810331344604492,90.47076416015625,0.04133333333333334,0.0001
,,,,,260787,-21.73601,1000,,,,,,
,,,,,261000,,,3.1599318981170654,27.291492462158203,26.685455322265625,116.31196594238281,0.0408,0.0001
,,,,,261787,-26.868069,1000,,,,,,
,,,,,262000,,,1.400712490081787,24.22325897216797,24.423969268798828,26.443052291870117,0.040266666666666666,0.0001
,,,,,262787,-23.906855,1000,,,,,,
,,,,,263000,,,1.4939372539520264,23.08978271484375,23.200077056884766,36.25178146362305,0.03973333333333334,0.0001
,,,,,263787,-2.8366132,1000,,,,,,
,,,,,264000,,,0.6970900893211365,27.07268524169922,27.196502685546875,14.873712539672852,0.039200000000000006,0.0001
,,,,,264787,-39.905178,1000,,,,,,
,,,,,265000,,,1.0332655906677246,27.34471893310547,27.396472930908203,12.836845397949219,0.03866666666666667,0.0001
,,,,,265787,-21.615435,1000,,,,,,
,,,,,266000,,,5.123018741607666,21.1240234375,20.945751190185547,46.14496994018555,0.03813333333333334,0.0001
,,,,,266787,-46.95274,1000,,,,,,
,,,,,267000,,,1.0089974403381348,28.360523223876953,28.659393310546875,34.59992980957031,0.0376,0.0001
,,,,,267787,-8.96933,1000,,,,,,
,,,,,268000,,,1.1267223358154297,31.807178497314453,32.080169677734375,29.793243408203125,0.03706666666666668,0.0001
,,,,,268787,-31.389698,1000,,,,,,
,,,,,269000,,,1.7434473037719727,30.182802200317383,30.189451217651367,22.70709228515625,0.036533333333333334,0.0001
,,,,,269787,-75.21477,1000,,,,,,
-46.664253,24.108177,-6.224281,-82.59307,1000.0,270000,,,1.0854620933532715,30.207725524902344,30.125633239746094,15.064697265625,0.036000000000000004,0.0001
,,,,,270787,-0.90775967,1000,,,,,,
,,,,,271000,,,192.11129760742188,31.526365280151367,29.830278396606445,319.36676025390625,0.035466666666666674,0.0001
,,,,,271787,-33.246384,1000,,,,,,
,,,,,272000,,,1.0351613759994507,25.18045997619629,25.16240692138672,24.449865341186523,0.03493333333333333,0.0001
,,,,,272787,-29.845055,1000,,,,,,
,,,,,273000,,,1.51362943649292,33.106361389160156,33.13948059082031,23.03666114807129,0.034400000000000014,0.0001
,,,,,273787,-57.95609,1000,,,,,,
,,,,,274000,,,1.2641973495483398,25.304676055908203,24.799484252929688,75.67119598388672,0.03386666666666667,0.0001
,,,,,274787,-41.296913,1000,,,,,,
,,,,,275000,,,1.6286126375198364,30.225933074951172,29.944210052490234,48.597904205322266,0.03333333333333334,0.0001
,,,,,275787,-2.3787773,1000,,,,,,
,,,,,276000,,,5.3910980224609375,24.26875114440918,24.441822052001953,64.71392059326172,0.03280000000000001,0.0001
,,,,,276787,-24.545485,1000,,,,,,
,,,,,277000,,,15.61856460571289,24.011451721191406,24.61954116821289,97.85253143310547,0.032266666666666666,0.0001
,,,,,277787,-29.833138,1000,,,,,,
,,,,,278000,,,0.8392178416252136,32.051143646240234,31.999128341674805,16.983030319213867,0.031733333333333336,0.0001
,,,,,278787,-58.362434,1000,,,,,,
,,,,,279000,,,15.363350868225098,24.07271957397461,24.779539108276367,196.5659637451172,0.031200000000000006,0.0001
,,,,,279787,-74.251915,1000,,,,,,
-30.545038,13.666444,-6.12168,-53.506413,1000.0,280000,,,4.03185510635376,29.736936569213867,29.75485610961914,50.502967834472656,0.03066666666666666,0.0001
,,,,,280787,-24.23029,1000,,,,,,
,,,,,281000,,,3.6680660247802734,25.557119369506836,25.983722686767578,54.81772994995117,0.030133333333333345,0.0001
,,,,,281787,-20.222755,1000,,,,,,
,,,,,282000,,,1.3052482604980469,24.778568267822266,24.946544647216797,29.263153076171875,0.0296,0.0001
,,,,,282787,-97.9414,1000,,,,,,
,,,,,283000,,,3.094986915588379,18.311233520507812,18.507568359375,57.987815856933594,0.02906666666666667,0.0001
,,,,,283787,-19.953878,1000,,,,,,
,,,,,284000,,,0.7599395513534546,37.86374282836914,37.89069366455078,16.980846405029297,0.02853333333333334,0.0001
,,,,,284787,-7.2888346,1000,,,,,,
,,,,,285000,,,2.24166202545166,18.198278427124023,18.205476760864258,23.89955711364746,0.027999999999999997,0.0001
,,,,,285787,-46.44404,1000,,,,,,
,,,,,286000,,,0.8543440699577332,23.23688316345215,23.314525604248047,18.761510848999023,0.02746666666666668,0.0001
,,,,,286787,-24.021631,1000,,,,,,
,,,,,287000,,,0.8926555514335632,20.66649055480957,20.41025733947754,32.92746353149414,0.026933333333333337,0.0001
,,,,,287787,-67.5517,1000,,,,,,
,,,,,288000,,,0.7065989971160889,25.273818969726562,25.436779022216797,25.05701446533203,0.026400000000000007,0.0001
,,,,,288787,-36.874264,1000,,,,,,
,,,,,289000,,,2.303633451461792,29.753679275512695,30.181276321411133,65.29100036621094,0.025866666666666677,0.0001
,,,,,289787,-35.644333,1000,,,,,,
-26.59776,17.347164,2.532906,-57.450382,1000.0,290000,,,0.8044916391372681,23.545669555664062,23.477354049682617,12.717845916748047,0.025333333333333333,0.0001
,,,,,290787,-2.324692,1000,,,,,,
,,,,,291000,,,1.59103262424469,29.519926071166992,29.594221115112305,22.597566604614258,0.024800000000000003,0.0001
,,,,,291787,-18.943743,1000,,,,,,
,,,,,292000,,,1.0939584970474243,29.002214431762695,28.908761978149414,19.14023208618164,0.024266666666666672,0.0001
,,,,,292787,-16.38374,1000,,,,,,
,,,,,293000,,,1.6628921031951904,21.625499725341797,21.69451141357422,32.65892791748047,0.02373333333333333,0.0001
,,,,,293787,-30.181078,1000,,,,,,
,,,,,294000,,,1.190073013305664,28.470256805419922,28.547420501708984,26.99580192565918,0.023200000000000012,0.0001
,,,,,294787,-20.315994,1000,,,,,,
,,,,,295000,,,1.0176979303359985,23.318511962890625,23.570985794067383,35.01762390136719,0.02266666666666667,0.0001
,,,,,295787,-6.901672,1000,,,,,,
,,,,,296000,,,8.28430461883545,27.913360595703125,28.089920043945312,114.20830535888672,0.022133333333333338,0.0001
,,,,,296787,-64.970894,1000,,,,,,
,,,,,297000,,,2.132328987121582,34.527854919433594,34.521202087402344,19.43695068359375,0.021600000000000008,0.0001
,,,,,297787,-47.368896,1000,,,,,,
,,,,,298000,,,1.6544018983840942,32.79182815551758,33.09585952758789,46.71748733520508,0.021066666666666664,0.0001
,,,,,298787,-3.0684967,1000,,,,,,
,,,,,299000,,,2.630721092224121,20.93567657470703,20.879682540893555,29.061187744140625,0.020533333333333334,0.0001
,,,,,299787,-29.362265,1000,,,,,,
-37.584557,24.392427,-11.269336,-74.12837,1000.0,300000,,,1.1251444816589355,30.562606811523438,30.448362350463867,22.439844131469727,0.02,0.0001
,,,,,300787,-40.45922,1000,,,,,,
,,,,,301000,,,13.531157493591309,18.239147186279297,18.99364471435547,148.81553649902344,0.02,0.0001
,,,,,301787,-4.3165894,1000,,,,,,
,,,,,302000,,,2.4432764053344727,24.63329315185547,24.537700653076172,44.2262077331543,0.02,0.0001
,,,,,302787,-59.32017,1000,,,,,,
,,,,,303000,,,3.4166085720062256,22.18836212158203,22.05173110961914,52.15286636352539,0.02,0.0001
,,,,,303787,2.7474334,1000,,,,,,
,,,,,304000,,,0.9651947617530823,25.065322875976562,25.255149841308594,25.02530860900879,0.02,0.0001
,,,,,304787,-51.84923,1000,,,,,,
,,,,,305000,,,3.7946040630340576,20.36832618713379,20.752784729003906,62.52946090698242,0.02,0.0001
,,,,,305787,-63.370487,1000,,,,,,
,,,,,306000,,,0.8645663261413574,23.504955291748047,23.587888717651367,18.885135650634766,0.02,0.0001
,,,,,306787,-17.707565,1000,,,,,,
,,,,,307000,,,0.6945692300796509,29.829700469970703,29.835899353027344,10.413877487182617,0.02,0.0001
,,,,,307787,-2.2575676,1000,,,,,,
,,,,,308000,,,6.295251369476318,28.984375,28.638019561767578,58.82225036621094,0.02,0.0001
,,,,,308787,-22.650774,1000,,,,,,
,,,,,309000,,,1.425163745880127,13.772512435913086,13.433998107910156,41.70389175415039,0.02,0.0001
,,,,,309787,-54.36198,1000,,,,,,
-27.173101,21.395529,-1.2512324,-66.70294,1000.0,310000,,,1.465451955795288,19.853361129760742,20.015460968017578,48.23588943481445,0.02,0.0001
,,,,,310787,-47.115437,1000,,,,,,
,,,,,311000,,,1.0809829235076904,32.072654724121094,32.36536407470703,38.797080993652344,0.02,0.0001
,,,,,311787,-82.65863,1000,,,,,,
,,,,,312000,,,3.0051074028015137,27.506938934326172,27.100784301757812,54.81973648071289,0.02,0.0001
,,,,,312787,-81.05931,1000,,,,,,
,,,,,313000,,,2.123723030090332,26.994617462158203,26.956222534179688,34.33518600463867,0.02,0.0001
,,,,,313787,-30.392809,1000,,,,,,
,,,,,314000,,,1.014953851699829,19.448335647583008,19.203330993652344,36.1328125,0.02,0.0001
,,,,,314787,-6.9794526,1000,,,,,,
,,,,,315000,,,0.9348931312561035,23.902244567871094,24.01154327392578,28.05272102355957,0.02,0.0001
,,,,,315787,-54.879368,1000,,,,,,
,,,,,316000,,,21.703678131103516,22.166824340820312,22.99995994567871,226.25559997558594,0.02,0.0001
,,,,,316787,-3.1161258,1000,,,,,,
,,,,,317000,,,1.9461222887039185,31.091867446899414,31.42008399963379,35.26755142211914,0.02,0.0001
,,,,,317787,-37.024406,1000,,,,,,
,,,,,318000,,,19.401813507080078,23.883787155151367,24.382551193237305,137.82765197753906,0.02,0.0001
,,,,,318787,-54.47962,1000,,,,,,
,,,,,319000,,,1.166338324546814,22.7951717376709,23.009790420532227,32.83936309814453,0.02,0.0001
,,,,,319787,-30.574444,1000,,,,,,
-33.637753,23.94903,2.1127248,-90.20339,1000.0,320000,,,51.55455780029297,34.31538772583008,35.47450637817383,170.18280029296875,0.02,0.0001
,,,,,320787,1.36939,1000,,,,,,
,,,,,321000,,,0.7587021589279175,31.884841918945312,31.803922653198242,16.344385147094727,0.02,0.0001
,,,,,321787,-52.773987,1000,,,,,,
,,,,,322000,,,1.199076771736145,25.25775718688965,25.376850128173828,36.16059494018555,0.02,0.0001
,,,,,322787,-23.182337,1000,,,,,,
,,,,,323000,,,27.252477645874023,19.212141036987305,19.35782241821289,159.62330627441406,0.02,0.0001
,,,,,323787,-41.553883,1000,,,,,,
,,,,,324000,,,15.901482582092285,19.839427947998047,19.26102066040039,96.29096984863281,0.02,0.0001
,,,,,324787,-46.50575,1000,,,,,,
,,,,,325000,,,22.746414184570312,16.37430191040039,17.120872497558594,147.2140655517578,0.02,0.0001
,,,,,325787,-47.62634,1000,,,,,,
,,,,,326000,,,0.6185215711593628,23.12820053100586,23.15188980102539,11.561095237731934,0.02,0.0001
,,,,,326787,-41.6153,1000,,,,,,
,,,,,327000,,,5.528171539306641,22.660627365112305,22.419374465942383,62.91558837890625,0.02,0.0001
,,,,,327787,1.8343769,1000,,,,,,
,,,,,328000,,,0.9063287973403931,19.907825469970703,19.799060821533203,20.20173454284668,0.02,0.0001
,,,,,328787,-22.58517,1000,,,,,,
,,,,,329000,,,1.1068732738494873,26.026309967041016,26.05630874633789,22.362056732177734,0.02,0.0001
,,,,,329787,-36.266403,1000,,,,,,
-42.30633,13.784031,-20.832355,-63.19923,1000.0,330000,,,0.7590129375457764,28.619827270507812,28.645092010498047,12.623453140258789,0.02,0.0001
,,,,,330787,-35.057495,1000,,,,,,
,,,,,331000,,,3.8941564559936523,24.01763153076172,24.136260986328125,40.06241989135742,0.02,0.0001
,,,,,331787,-25.144157,1000,,,,,,
,,,,,332000,,,22.539968490600586,23.985578536987305,23.345455169677734,199.57171630859375,0.02,0.0001
,,,,,332787,-7.8018985,1000,,,,,,
,,,,,333000,,,1.2445522546768188,22.297866821289062,22.56341552734375,41.98776626586914,0.02,0.0001
,,,,,333787,-0.49560404,1000,,,,,,
,,,,,334000,,,1.667271614074707,29.967819213867188,29.43511962890625,74.52422332763672,0.02,0.0001
,,,,,334787,-42.05363,1000,,,,,,
,,,,,335000,,,0.7766828536987305,18.660987854003906,18.77203941345215,17.319561004638672,0.02,0.0001
,,,,,335787,-34.835087,1000,,,,,,
,,,,,336000,,,0.6890482902526855,23.244630813598633,23.206628799438477,12.120585441589355,0.02,0.0001
,,,,,336787,-59.206676,1000,,,,,,
,,,,,337000,,,1.3532204627990723,33.74197769165039,33.91419219970703,21.849071502685547,0.02,0.0001
,,,,,337787,-31.600815,1000,,,,,,
,,,,,338000,,,9.905080795288086,15.762601852416992,15.167987823486328,99.44979858398438,0.02,0.0001
,,,,,338787,-6.355016,1000,,,,,,
,,,,,339000,,,2.1064095497131348,24.914627075195312,24.881351470947266,30.539758682250977,0.02,0.0001
,,,,,339787,-30.072441,1000,,,,,,
-27.839321,24.33166,8.32629,-69.7271,1000.0,340000,,,1.9808478355407715,23.414329528808594,23.297588348388672,48.76348114013672,0.02,0.0001
,,,,,340787,-31.881191,1000,,,,,,
,,,,,341000,,,4.60306453704834,19.003860473632812,18.886402130126953,39.1119499206543,0.02,0.0001
,,,,,341787,-69.13431,1000,,,,,,
,,,,,342000,,,3.1184186935424805,21.23347282409668,21.653911590576172,53.67616653442383,0.02,0.0001
,,,,,342787,7.7396464,1000,,,,,,
,,,,,343000,,,2.0888710021972656,16.442747116088867,16.453731536865234,38.15409469604492,0.02,0.0001
,,,,,343787,-4.9665217,1000,,,,,,
,,,,,344000,,,0.778455376625061,22.72256851196289,22.722702026367188,13.226224899291992,0.02,0.0001
,,,,,344787,-11.344726,1000,,,,,,
,,,,,345000,,,1.1104506254196167,28.846302032470703,28.802818298339844,15.305063247680664,0.02,0.0001
,,,,,345787,-49.151302,1000,,,,,,
,,,,,346000,,,0.8980447053909302,35.3099365234375,35.576934814453125,33.29425811767578,0.02,0.0001
,,,,,346787,-16.849659,1000,,,,,,
,,,,,347000,,,1.2260878086090088,30.360103607177734,30.512832641601562,27.957862854003906,0.02,0.0001
,,,,,347787,3.2894697,1000,,,,,,
,,,,,348000,,,1.530282974243164,14.496844291687012,14.247627258300781,32.053279876708984,0.02,0.0001
,,,,,348787,-73.238846,1000,,,,,,
,,,,,349000,,,3.0938124656677246,30.89630889892578,31.2579345703125,57.59050369262695,0.02,0.0001
,,,,,349787,-64.95067,1000,,,,,,
-16.509495,27.139952,20.68921,-72.60472,1000.0,350000,,,1.125211477279663,23.366390228271484,22.87454605102539,55.75798034667969,0.02,0.0001
,,,,,350787,-11.078638,1000,,,,,,
,,,,,351000,,,2.17261004447937,26.366744995117188,26.3988094329834,46.437015533447266,0.02,0.0001
,,,,,351787,4.147137,1000,,,,,,
,,,,,352000,,,4.06534481048584,26.87327003479004,26.79349136352539,62.091278076171875,0.02,0.0001
,,,,,352787,17.985456,1000,,,,,,
,,,,,353000,,,3.270690441131592,21.37877082824707,20.815250396728516,57.46240997314453,0.02,0.0001
,,,,,353787,2.7926927,1000,,,,,,
,,,,,354000,,,0.6639231443405151,26.83759307861328,26.70779037475586,17.693431854248047,0.02,0.0001
,,,,,354787,-45.17482,1000,,,,,,
,,,,,355000,,,2.422930955886841,25.623010635375977,25.480852127075195,44.892818450927734,0.02,0.0001
,,,,,355787,-34.226162,1000,,,,,,
,,,,,356000,,,9.170381546020508,25.186498641967773,25.70613670349121,82.19276428222656,0.02,0.0001
,,,,,356787,-39.980827,1000,,,,,,
,,,,,357000,,,1.015395164489746,24.316024780273438,24.40277099609375,18.145153045654297,0.02,0.0001
,,,,,357787,-14.453182,1000,,,,,,
,,,,,358000,,,0.8591010570526123,24.227458953857422,24.02676773071289,24.202259063720703,0.02,0.0001
,,,,,358787,-64.91821,1000,,,,,,
,,,,,359000,,,1.7096152305603027,19.97467803955078,19.765226364135742,22.7073974609375,0.02,0.0001
,,,,,359787,-46.33275,1000,,,,,,
-28.469717,23.589437,-0.76220584,-64.91266,1000.0,360000,,,1.4986636638641357,30.236618041992188,30.42580795288086,27.211591720581055,0.02,0.0001
,,,,,360787,-32.135784,1000,,,,,,
,,,,,361000,,,9.767751693725586,26.958866119384766,27.217514038085938,61.369590759277344,0.02,0.0001
,,,,,361787,-26.829681,1000,,,,,,
,,,,,362000,,,62.379615783691406,24.959447860717773,25.981306076049805,187.69277954101562,0.02,0.0001
,,,,,362787,-16.784782,1000,,,,,,
,,,,,363000,,,0.9302865266799927,21.743736267089844,21.750301361083984,19.668598175048828,0.02,0.0001
,,,,,363787,-25.389143,1000,,,,,,
,,,,,364000,,,3.3221774101257324,26.187053680419922,26.195003509521484,46.346309661865234,0.02,0.0001
,,,,,364787,-31.887518,1000,,,,,,
,,,,,365000,,,1.1070672273635864,32.315467834472656,32.377525329589844,16.140527725219727,0.02,0.0001
,,,,,365787,-54.002453,1000,,,,,,
,,,,,366000,,,74.29383850097656,13.366188049316406,12.45491886138916,276.8997497558594,0.02,0.0001
,,,,,366787,-55.13268,1000,,,,,,
,,,,,367000,,,1.3900423049926758,16.960203170776367,17.109020233154297,49.74911117553711,0.02,0.0001
,,,,,367787,1.1948075,1000,,,,,,
,,,,,368000,,,1.9293174743652344,24.26449203491211,24.669158935546875,72.64015197753906,0.02,0.0001
,,,,,368787,-42.313366,1000,,,,,,
,,,,,369000,,,3.7829878330230713,24.828044891357422,25.047412872314453,31.364337921142578,0.02,0.0001
,,,,,369787,-17.170845,1000,,,,,,
-36.886982,21.243534,2.2696264,-70.25222,1000.0,370000,,,0.7819041609764099,30.628843307495117,30.72138023376465,25.385698318481445,0.02,0.0001
,,,,,370787,-60.470116,1000,,,,,,
,,,,,371000,,,2.9523260593414307,13.233827590942383,13.11802864074707,37.40620422363281,0.02,0.0001
,,,,,371787,-30.865614,1000,,,,,,
,,,,,372000,,,2.885437488555908,25.363815307617188,25.931209564208984,63.06791305541992,0.02,0.0001
,,,,,372787,-6.103036,1000,,,,,,
,,,,,373000,,,1.1595032215118408,29.160903930664062,29.102312088012695,29.050487518310547,0.02,0.0001
,,,,,373787,-44.973904,1000,,,,,,
,,,,,374000,,,0.9539587497711182,25.80500602722168,25.959007263183594,19.63381576538086,0.02,0.0001
,,,,,374787,-16.83134,1000,,,,,,
,,,,,375000,,,0.9490898251533508,29.483110427856445,29.31878662109375,36.37924575805664,0.02,0.0001
,,,,,375787,-2.254247,1000,,,,,,
,,,,,376000,,,24.19477081298828,34.74172592163086,35.31106185913086,193.66482543945312,0.02,0.0001
,,,,,376787,-42.04107,1000,,,,,,
,,,,,377000,,,2.178255558013916,30.756061553955078,30.69057273864746,29.357694625854492,0.02,0.0001
,,,,,377787,2.3693118,1000,,,,,,
,,,,,378000,,,0.8199801445007324,31.15843963623047,31.214529037475586,20.00809097290039,0.02,0.0001
,,,,,378787,-40.96108,1000,,,,,,
,,,,,379000,,,1.121471643447876,20.90298080444336,20.965675354003906,38.96527099609375,0.02,0.0001
,,,,,379787,-14.238138,1000,,,,,,
-24.266748,17.35235,13.600469,-38.528572,1000.0,380000,,,2.293952226638794,11.192174911499023,11.214642524719238,24.519180297851562,0.02,0.0001
,,,,,380787,-95.36283,1000,,,,,,
,,,,,381000,,,0.9872341752052307,21.652057647705078,21.708383560180664,22.909025192260742,0.02,0.0001
,,,,,381787,-30.758419,1000,,,,,,
,,,,,382000,,,37.74594497680664,30.663658142089844,31.515512466430664,258.4732666015625,0.02,0.0001
,,,,,382787,-40.41493,1000,,,,,,
,,,,,383000,,,1.9504749774932861,25.628990173339844,25.856775283813477,49.05665588378906,0.02,0.0001
,,,,,383787,-17.046711,1000,,,,,,
,,,,,384000,,,0.5910936594009399,23.812755584716797,23.921775817871094,13.38362979888916,0.02,0.0001
,,,,,384787,-65.509026,1000,,,,,,
,,,,,385000,,,4.773965358734131,20.49042510986328,20.716087341308594,51.90983963012695,0.02,0.0001
,,,,,385787,-38.906296,1000,,,,,,
,,,,,386000,,,0.975509524345398,24.735023498535156,24.696460723876953,19.561967849731445,0.02,0.0001
,,,,,386787,-35.695286,1000,,,,,,
,,,,,387000,,,0.7039711475372314,15.646172523498535,15.53890609741211,19.163179397583008,0.02,0.0001
,,,,,387787,-39.614548,1000,,,,,,
,,,,,388000,,,1.3403491973876953,21.511579513549805,21.61710548400879,30.642925262451172,0.02,0.0001
,,,,,388787,-56.66328,1000,,,,,,
,,,,,389000,,,1.6966339349746704,19.867084503173828,19.900266647338867,24.098388671875,0.02,0.0001
,,,,,389787,-54.655224,1000,,,,,,
-26.685795,20.567215,9.312906,-63.978344,1000.0,390000,,,198.6695098876953,15.357515335083008,13.524372100830078,259.5087890625,0.02,0.0001
,,,,,390787,-28.888552,1000,,,,,,
,,,,,391000,,,9.907885551452637,28.031967163085938,27.53681755065918,85.17101287841797,0.02,0.0001
,,,,,391787,-54.009357,1000,,,,,,
,,,,,392000,,,3.8231663703918457,11.219703674316406,11.066208839416504,64.73651123046875,0.02,0.0001
,,,,,392787,-38.46216,1000,,,,,,
,,,,,393000,,,0.768032431602478,22.27672004699707,22.510990142822266,28.53437042236328,0.02,0.0001
,,,,,393787,10.828347,1000,,,,,,
,,,,,394000,,,10.582892417907715,20.300201416015625,20.911418914794922,141.1988983154297,0.02,0.0001
,,,,,394787,-87.837296,1000,,,,,,
,,,,,395000,,,1.0098594427108765,17.996055603027344,17.78803253173828,30.864408493041992,0.02,0.0001
,,,,,395787,-51.663483,1000,,,,,,
,,,,,396000,,,1.5766297578811646,16.93865966796875,17.018081665039062,22.163745880126953,0.02,0.0001
,,,,,396787,-34.225204,1000,,,,,,
,,,,,397000,,,1.8961514234542847,21.01850700378418,21.129596710205078,53.323516845703125,0.02,0.0001
,,,,,397787,-54.211246,1000,,,,,,
,,,,,398000,,,2.340869903564453,28.799701690673828,28.456531524658203,45.08950424194336,0.02,0.0001
,,,,,398787,-33.976254,1000,,,,,,
,,,,,399000,,,0.7851073145866394,18.71881103515625,18.909189224243164,37.335418701171875,0.02,0.0001
,,,,,399787,-46.146805,1000,,,,,,
-31.31814,20.678621,-5.056498,-75.18297,1000.0,400000,,,3.223052978515625,16.800588607788086,16.74992561340332,55.71097946166992,0.02,0.0001
,,,,,400787,-16.723814,1000,,,,,,
,,,,,401000,,,1.1373766660690308,27.26360321044922,27.85956382751465,67.24130249023438,0.02,0.0001
,,,,,401787,-29.523643,1000,,,,,,
,,,,,402000,,,1.0963115692138672,25.09044647216797,25.01991844177246,24.683319091796875,0.02,0.0001
,,,,,402787,-29.733429,1000,,,,,,
,,,,,403000,,,0.6332817077636719,22.097797393798828,22.082122802734375,15.103224754333496,0.02,0.0001
,,,,,403787,-67.526085,1000,,,,,,
,,,,,404000,,,1.848827838897705,19.116689682006836,19.173667907714844,29.895246505737305,0.02,0.0001
,,,,,404787,4.629404,1000,,,,,,
,,,,,405000,,,1.272840142250061,25.15826416015625,25.07501983642578,22.56732749938965,0.02,0.0001
,,,,,405787,-9.791027,1000,,,,,,
,,,,,406000,,,0.5613126754760742,29.722030639648438,29.956043243408203,27.17925453186035,0.02,0.0001
,,,,,406787,-99.55548,1000,,,,,,
,,,,,407000,,,7.733632564544678,27.451335906982422,27.573802947998047,58.1413459777832,0.02,0.0001
,,,,,407787,-36.58587,1000,,,,,,
,,,,,408000,,,0.5514227747917175,21.18960189819336,21.238618850708008,12.218551635742188,0.02,0.0001
,,,,,408787,-34.13137,1000,,,,,,
,,,,,409000,,,1.6589570045471191,23.962718963623047,24.128997802734375,35.9243049621582,0.02,0.0001
,,,,,409787,-67.104706,1000,,,,,,
-32.9755,25.670904,9.069588,-76.95086,1000.0,410000,,,0.8810845017433167,20.72905731201172,20.28439712524414,44.49085998535156,0.02,0.0001
,,,,,410787,-29.111914,1000,,,,,,
,,,,,411000,,,5.013598442077637,23.057178497314453,23.21735382080078,44.435462951660156,0.02,0.0001
,,,,,411787,-23.190151,1000,,,,,,
,,,,,412000,,,0.672881007194519,22.969480514526367,22.958980560302734,13.96880054473877,0.02,0.0001
,,,,,412787,-46.209274,1000,,,,,,
,,,,,413000,,,1.1032170057296753,31.077625274658203,30.987478256225586,17.799461364746094,0.02,0.0001
,,,,,413787,-13.750778,1000,,,,,,
,,,,,414000,,,1.116342544555664,23.633255004882812,23.817523956298828,25.66292953491211,0.02,0.0001
,,,,,414612,-105.21126,825,,,,,,
,,,,,415000,,,1.6242092847824097,18.696300506591797,18.53502655029297,29.822425842285156,0.02,0.0001
,,,,,415612,-42.138035,1000,,,,,,
,,,,,416000,,,0.7279490828514099,16.642728805541992,16.473979949951172,25.08533477783203,0.02,0.0001
,,,,,416612,-54.540184,1000,,,,,,
,,,,,417000,,,7.453815460205078,27.264196395874023,27.55807876586914,64.81864929199219,0.02,0.0001
,,,,,417612,-30.365847,1000,,,,,,
,,,,,418000,,,1.2640684843063354,30.76763343811035,30.82451629638672,32.27234649658203,0.02,0.0001
,,,,,418612,-46.088436,1000,,,,,,
,,,,,419000,,,0.7702316045761108,21.48322296142578,21.711557388305664,23.419204711914062,0.02,0.0001
,,,,,419612,-108.86374,1000,,,,,,
5.388455,80.18542,149.48276,-109.87374,882.4,420000,,,0.8509368896484375,19.59935760498047,19.65597152709961,18.327112197875977,0.02,0.0001
,,,,,420612,0.8971275,1000,,,,,,
,,,,,421000,,,0.6812747120857239,18.551708221435547,18.702585220336914,17.603500366210938,0.02,0.0001
,,,,,421612,-68.31645,1000,,,,,,
,,,,,422000,,,0.6687201261520386,23.69169807434082,23.764617919921875,17.81517791748047,0.02,0.0001
,,,,,422612,-85.86758,1000,,,,,,
,,,,,423000,,,0.7461617588996887,20.221206665039062,20.312267303466797,15.929815292358398,0.02,0.0001
,,,,,423161,140.05,549,,,,,,
,,,,,423724,-224.85828,563,,,,,,
,,,,,424000,,,0.8067131042480469,22.52838706970215,23.028717041015625,49.47700119018555,0.02,0.0001
,,,,,424603,-190.48074,879,,,,,,
,,,,,425000,,,2.1539316177368164,21.404186248779297,21.525991439819336,50.668827056884766,0.02,0.0001
,,,,,425603,-29.881413,1000,,,,,,
,,,,,426000,,,1.7061183452606201,24.951454162597656,25.29241371154785,69.4115982055664,0.02,0.0001
,,,,,426603,-52.366695,1000,,,,,,
,,,,,427000,,,1.945758581161499,22.24306869506836,22.164878845214844,32.65428924560547,0.02,0.0001
,,,,,427603,-81.33302,1000,,,,,,
,,,,,428000,,,0.7457668781280518,23.258953094482422,23.26028060913086,18.341169357299805,0.02,0.0001
,,,,,428603,-15.722994,1000,,,,,,
,,,,,429000,,,1.2154620885849,25.567840576171875,25.511764526367188,18.85988998413086,0.02,0.0001
,,,,,429420,-182.3552,817,,,,,,
-72.632675,51.03308,-28.33128,-190.1004,858.8,430000,,,9.374469757080078,22.779659271240234,23.1927433013916,70.10303497314453,0.02,0.0001
,,,,,430420,-112.017334,1000,,,,,,
,,,,,431000,,,3.5299272537231445,20.394527435302734,20.002540588378906,69.02474212646484,0.02,0.0001
,,,,,431420,-101.95025,1000,,,,,,
,,,,,432000,,,0.9201679825782776,12.060132026672363,12.051612854003906,13.35299301147461,0.02,0.0001
,,,,,432420,-52.107513,1000,,,,,,
,,,,,433000,,,1.0676252841949463,21.21432113647461,21.33618927001953,26.459470748901367,0.02,0.0001
,,,,,433420,-78.3813,1000,,,,,,
,,,,,434000,,,2.048905372619629,19.856502532958984,20.181293487548828,38.37211608886719,0.02,0.0001
,,,,,434420,-14.81155,1000,,,,,,
,,,,,435000,,,0.727879524230957,20.153852462768555,20.352510452270508,21.884353637695312,0.02,0.0001
,,,,,435420,-55.738205,1000,,,,,,
,,,,,436000,,,6.120913505554199,25.611038208007812,25.851940155029297,53.652732849121094,0.02,0.0001
,,,,,436420,-35.642723,1000,,,,,,
,,,,,437000,,,0.6970059871673584,27.389310836791992,27.465499877929688,14.275647163391113,0.02,0.0001
,,,,,437420,-16.769716,1000,,,,,,
,,,,,438000,,,3.4936342239379883,9.94588565826416,9.752338409423828,59.94434356689453,0.02,0.0001
,,,,,438420,-71.34929,1000,,,,,,
,,,,,439000,,,0.4911190867424011,27.306528091430664,27.430665969848633,15.707503318786621,0.02,0.0001
,,,,,439420,-14.748686,1000,,,,,,
-8.579231,67.0042,181.23956,-61.068398,973.1,440000,,,1.8274050951004028,11.263662338256836,11.691337585449219,77.65667724609375,0.02,0.0001
,,,,,440420,-59.26524,1000,,,,,,
,,,,,441000,,,0.8637517690658569,21.382713317871094,21.423843383789062,19.58354377746582,0.02,0.0001
,,,,,441420,-41.742012,1000,,,,,,
,,,,,442000,,,0.6968333125114441,20.362274169921875,20.57549285888672,23.714595794677734,0.02,0.0001
,,,,,442420,11.984486,1000,,,,,,
,,,,,443000,,,5.180294513702393,16.75117301940918,16.500391006469727,59.307987213134766,0.02,0.0001
,,,,,443420,2.8471766,1000,,,,,,
,,,,,444000,,,0.5918357968330383,17.26268196105957,17.273921966552734,13.390046119689941,0.02,0.0001
,,,,,444420,-33.76719,1000,,,,,,
,,,,,445000,,,0.7409433126449585,16.217456817626953,16.55571746826172,35.97724914550781,0.02,0.0001
,,,,,445420,-67.22981,1000,,,,,,
,,,,,446000,,,8.816007614135742,21.949548721313477,21.406375885009766,109.44290924072266,0.02,0.0001
,,,,,446420,-30.567383,1000,,,,,,
,,,,,447000,,,20.79338836669922,9.760658264160156,9.570070266723633,123.84439849853516,0.02,0.0001
,,,,,447420,-46.35746,1000,,,,,,
,,,,,448000,,,1.191831111907959,23.297882080078125,23.315887451171875,20.468826293945312,0.02,0.0001
,,,,,448420,-22.418766,1000,,,,,,
,,,,,449000,,,0.8864028453826904,18.309528350830078,18.290916442871094,16.113500595092773,0.02,0.0001
,,,,,449420,-33.73139,1000,,,,,,
-25.622753,104.69237,201.9931,-258.08682,921.2,450000,,,1.4703971147537231,21.755355834960938,21.70803451538086,13.679450988769531,0.02,0.0001
,,,,,450420,-9.001285,1000,,,,,,
,,,,,451000,,,44.62320327758789,12.158961296081543,13.399995803833008,231.37779235839844,0.02,0.0001
,,,,,451420,-0.060467243,1000,,,,,,
,,,,,452000,,,0.5034976005554199,21.96173667907715,22.18972396850586,24.70076560974121,0.02,0.0001
,,,,,452420,-17.777073,1000,,,,,,
,,,,,453000,,,1.0050734281539917,18.373188018798828,18.27606773376465,17.198135375976562,0.02,0.0001
,,,,,453420,-20.951138,1000,,,,,,
,,,,,454000,,,11.708416938781738,23.33016586303711,22.663822174072266,170.434326171875,0.02,0.0001
,,,,,454420,-16.582518,1000,,,,,,
,,,,,455000,,,0.387702077627182,23.889991760253906,23.967540740966797,10.422761917114258,0.02,0.0001
,,,,,455420,-37.21099,1000,,,,,,
,,,,,456000,,,1.4984102249145508,11.373820304870605,11.364323616027832,21.92616844177246,0.02,0.0001
,,,,,456420,-90.78491,1000,,,,,,
,,,,,457000,,,1.9804388284683228,12.844718933105469,12.771821022033691,32.73517608642578,0.02,0.0001
,,,,,457420,-23.383112,1000,,,,,,
,,,,,458000,,,2.1913113594055176,12.374858856201172,12.730803489685059,56.56246566772461,0.02,0.0001
,,,,,458420,-39.406555,1000,,,,,,
,,,,,459000,,,0.861099123954773,24.69961166381836,24.824018478393555,21.88729476928711,0.02,0.0001
,,,,,459420,-37.328506,1000,,,,,,
-0.56990576,78.807915,232.07442,-58.064095,955.2,460000,,,0.604145348072052,19.68006134033203,19.47505760192871,21.371952056884766,0.02,0.0001
,,,,,460420,-50.416634,1000,,,,,,
,,,,,461000,,,2.336670398712158,9.812774658203125,9.882184982299805,32.82847213745117,0.02,0.0001
,,,,,461420,-100.654755,1000,,,,,,
,,,,,462000,,,1.004164695739746,20.2427978515625,19.961013793945312,33.398250579833984,0.02,0.0001
,,,,,462382,155.77924,962,,,,,,
,,,,,463000,,,0.8083826303482056,22.807769775390625,22.948881149291992,29.905311584472656,0.02,0.0001
,,,,,463382,-51.66632,1000,,,,,,
,,,,,464000,,,2.4883341789245605,16.698625564575195,16.712064743041992,27.109655380249023,0.02,0.0001
,,,,,464382,-55.79632,1000,,,,,,
,,,,,465000,,,7.166414737701416,15.317462921142578,14.686660766601562,98.88465118408203,0.02,0.0001
,,,,,465382,-52.437458,1000,,,,,,
,,,,,466000,,,0.9522868990898132,14.438255310058594,14.393762588500977,25.473106384277344,0.02,0.0001
,,,,,466382,-6.6248903,1000,,,,,,
,,,,,467000,,,0.6034228801727295,17.609439849853516,17.66455841064453,9.861283302307129,0.02,0.0001
,,,,,467382,-90.646866,1000,,,,,,
,,,,,468000,,,0.8953313827514648,21.462860107421875,21.842967987060547,38.854835510253906,0.02,0.0001
,,,,,468382,-53.017357,1000,,,,,,
,,,,,469000,,,1.7404721975326538,20.615699768066406,20.504959106445312,27.60638999938965,0.02,0.0001
,,,,,469382,-73.8084,1000,,,,,,
-31.38039,23.870695,-0.5772753,-76.02136,1000.0,470000,,,8.034988403320312,20.059844970703125,20.278789520263672,75.61397552490234,0.02,0.0001
,,,,,470382,15.183903,1000,,,,,,
,,,,,471000,,,0.7264112830162048,11.607666015625,11.349849700927734,32.66730499267578,0.02,0.0001
,,,,,471382,-18.216248,1000,,,,,,
,,,,,472000,,,1.3147779703140259,24.063329696655273,24.064556121826172,25.62677574157715,0.02,0.0001
,,,,,472382,-22.793224,1000,,,,,,
,,,,,473000,,,555.6755981445312,11.464814186096191,14.430547714233398,900.1939086914062,0.02,0.0001
,,,,,473382,-27.370628,1000,,,,,,
,,,,,474000,,,0.5303133130073547,24.03064727783203,23.97637367248535,11.482392311096191,0.02,0.0001
,,,,,474382,-14.748559,1000,,,,,,
,,,,,475000,,,1.0546669960021973,21.59177017211914,21.610057830810547,19.996694564819336,0.02,0.0001
,,,,,475382,6.203146,1000,,,,,,
,,,,,476000,,,8.724162101745605,10.171184539794922,10.35206413269043,78.5807876586914,0.02,0.0001
,,,,,476382,-32.134617,1000,,,,,,
,,,,,477000,,,0.8628185391426086,25.776782989501953,25.86711883544922,22.593414306640625,0.02,0.0001
,,,,,477382,-74.64692,1000,,,,,,
,,,,,478000,,,0.7224166989326477,10.350422859191895,10.231697082519531,26.346153259277344,0.02,0.0001
,,,,,478382,1.3611706,1000,,,,,,
,,,,,479000,,,0.6843861937522888,22.63370132446289,22.5482234954834,14.264355659484863,0.02,0.0001
,,,,,479382,-31.096033,1000,,,,,,
-24.617527,35.24816,21.972387,-89.78314,1000.0,480000,,,2.0642199516296387,12.355961799621582,12.298126220703125,39.782440185546875,0.02,0.0001
,,,,,480382,-16.664175,1000,,,,,,
,,,,,481000,,,1.4651864767074585,16.400970458984375,16.298526763916016,26.628511428833008,0.02,0.0001
,,,,,481382,7.389756,1000,,,,,,
,,,,,482000,,,0.8142862319946289,19.04652214050293,19.204875946044922,19.09191131591797,0.02,0.0001
,,,,,482382,-40.933376,1000,,,,,,
,,,,,483000,,,3.1823713779449463,20.296682357788086,19.933353424072266,46.329498291015625,0.02,0.0001
,,,,,483382,-25.834227,1000,,,,,,
,,,,,484000,,,0.8989530205726624,17.418567657470703,17.54833984375,22.17827796936035,0.02,0.0001
,,,,,484382,-17.21778,1000,,,,,,
,,,,,485000,,,0.4518171548843384,23.094173431396484,23.150161743164062,8.798966407775879,0.02,0.0001
,,,,,485382,-9.93499,1000,,,,,,
,,,,,486000,,,0.7617809176445007,15.881837844848633,15.743695259094238,19.55292320251465,0.02,0.0001
,,,,,486382,-61.758522,1000,,,,,,
,,,,,487000,,,0.7106521129608154,13.498111724853516,13.456656455993652,13.726452827453613,0.02,0.0001
,,,,,487382,-10.4743805,1000,,,,,,
,,,,,488000,,,0.6714572310447693,22.296463012695312,22.390867233276367,14.499494552612305,0.02,0.0001
,,,,,488382,-39.482315,1000,,,,,,
,,,,,489000,,,0.73082435131073,27.786773681640625,27.65798568725586,30.72789764404297,0.02,0.0001
,,,,,489382,3.9422882,1000,,,,,,
-5.199074,16.437132,22.136295,-29.873892,1000.0,490000,,,0.6992806196212769,16.583168029785156,16.57487678527832,12.796462059020996,0.02,0.0001
,,,,,490382,-12.480748,1000,,,,,,
,,,,,491000,,,1.096049189567566,19.61526870727539,19.67043685913086,23.798795700073242,0.02,0.0001
,,,,,491382,16.198135,1000,,,,,,
,,,,,492000,,,2.553640127182007,18.512592315673828,18.627334594726562,24.89128875732422,0.02,0.0001
,,,,,492382,-8.435693,1000,,,,,,
,,,,,493000,,,0.9285944700241089,16.830631256103516,17.005578994750977,20.04515838623047,0.02,0.0001
,,,,,493382,3.2271473,1000,,,,,,
,,,,,494000,,,0.5196448564529419,12.59451961517334,12.643177032470703,16.082565307617188,0.02,0.0001
,,,,,494382,-1.0815418,1000,,,,,,
,,,,,495000,,,5.742859363555908,25.36165428161621,25.5156192779541,83.19124603271484,0.02,0.0001
,,,,,495382,-56.474503,1000,,,,,,
,,,,,496000,,,0.9143196940422058,19.85037612915039,20.042831420898438,24.251054763793945,0.02,0.0001
,,,,,496382,-74.71722,1000,,,,,,
,,,,,497000,,,21.847579956054688,10.094123840332031,10.027460098266602,106.40355682373047,0.02,0.0001
,,,,,497382,-34.444942,1000,,,,,,
,,,,,498000,,,0.895248293876648,18.20472526550293,18.181982040405273,15.877662658691406,0.02,0.0001
,,,,,498382,-28.179703,1000,,,,,,
,,,,,499000,,,2.646247148513794,19.91856575012207,20.222980499267578,69.84896087646484,0.02,0.0001
,,,,,499382,-41.073418,1000,,,,,,
