{"env_name": "LunarLander-v2", "exp_name": "lunar_lander_lambda1.00", "n_iter": 200, "use_reward_to_go": true, "use_baseline": true, "baseline_learning_rate": 0.005, "baseline_gradient_steps": 5, "gae_lambda": 1.0, "normalize_advantages": false, "batch_size": 2000, "eval_batch_size": 2000, "discount": 0.99, "learning_rate": 0.001, "n_layers": 3, "layer_size": 128, "ep_len": 1000, "seed": 1, "no_gpu": false, "which_gpu": 0, "video_log_freq": -1, "scalar_log_freq": 1, "save_dir": "exp/LunarLander-v2_lunar_lander_lambda1.00_sd1_20260224_123556"}